split,name,file
test,005.Crested_Auklet,Crested_Auklet_0021_794938.jpg
test,005.Crested_Auklet,Crested_Auklet_0047_794918.jpg
test,005.Crested_Auklet,Crested_Auklet_0068_785253.jpg
test,005.Crested_Auklet,Crested_Auklet_0070_785261.jpg
test,005.Crested_Auklet,Crested_Auklet_0071_785255.jpg
test,005.Crested_Auklet,Crested_Auklet_0073_785248.jpg
test,013.Bobolink,Bobolink_0026_11057.jpg
test,013.Bobolink,Bobolink_0052_9423.jpg
test,013.Bobolink,Bobolink_0074_9311.jpg
test,013.Bobolink,Bobolink_0079_10736.jpg
test,013.Bobolink,Bobolink_0081_9439.jpg
test,013.Bobolink,Bobolink_0094_9823.jpg
test,013.Bobolink,Bobolink_0106_9126.jpg
test,013.Bobolink,Bobolink_0107_10252.jpg
test,013.Bobolink,Bobolink_0112_11073.jpg
test,015.Lazuli_Bunting,Lazuli_Bunting_0026_14669.jpg
test,015.Lazuli_Bunting,Lazuli_Bunting_0045_14954.jpg
test,015.Lazuli_Bunting,Lazuli_Bunting_0066_14914.jpg
test,015.Lazuli_Bunting,Lazuli_Bunting_0070_14665.jpg
test,015.Lazuli_Bunting,Lazuli_Bunting_0073_14594.jpg
test,015.Lazuli_Bunting,Lazuli_Bunting_0076_14662.jpg
test,015.Lazuli_Bunting,Lazuli_Bunting_0085_14627.jpg
test,015.Lazuli_Bunting,Lazuli_Bunting_0086_14992.jpg
test,023.Brandt_Cormorant,Brandt_Cormorant_0017_23141.jpg
test,023.Brandt_Cormorant,Brandt_Cormorant_0035_23000.jpg
test,023.Brandt_Cormorant,Brandt_Cormorant_0053_22957.jpg
test,023.Brandt_Cormorant,Brandt_Cormorant_0062_23038.jpg
test,023.Brandt_Cormorant,Brandt_Cormorant_0063_22865.jpg
test,023.Brandt_Cormorant,Brandt_Cormorant_0065_23118.jpg
test,023.Brandt_Cormorant,Brandt_Cormorant_0073_23259.jpg
test,023.Brandt_Cormorant,Brandt_Cormorant_0074_22881.jpg
test,040.Olive_sided_Flycatcher,Olive_Sided_Flycatcher_0017_30704.jpg
test,040.Olive_sided_Flycatcher,Olive_Sided_Flycatcher_0034_30672.jpg
test,040.Olive_sided_Flycatcher,Olive_Sided_Flycatcher_0049_796889.jpg
test,040.Olive_sided_Flycatcher,Olive_Sided_Flycatcher_0052_30639.jpg
test,040.Olive_sided_Flycatcher,Olive_Sided_Flycatcher_0054_30732.jpg
test,040.Olive_sided_Flycatcher,Olive_Sided_Flycatcher_0056_30570.jpg
test,040.Olive_sided_Flycatcher,Olive_Sided_Flycatcher_0067_30749.jpg
test,040.Olive_sided_Flycatcher,Olive_Sided_Flycatcher_0069_30544.jpg
test,040.Olive_sided_Flycatcher,Olive_Sided_Flycatcher_0072_796877.jpg
test,041.Scissor_tailed_Flycatcher,Scissor_Tailed_Flycatcher_0019_41936.jpg
test,041.Scissor_tailed_Flycatcher,Scissor_Tailed_Flycatcher_0048_41646.jpg
test,041.Scissor_tailed_Flycatcher,Scissor_Tailed_Flycatcher_0082_41852.jpg
test,041.Scissor_tailed_Flycatcher,Scissor_Tailed_Flycatcher_0088_41700.jpg
test,041.Scissor_tailed_Flycatcher,Scissor_Tailed_Flycatcher_0089_41810.jpg
test,041.Scissor_tailed_Flycatcher,Scissor_Tailed_Flycatcher_0094_42018.jpg
test,041.Scissor_tailed_Flycatcher,Scissor_Tailed_Flycatcher_0106_41684.jpg
test,041.Scissor_tailed_Flycatcher,Scissor_Tailed_Flycatcher_0108_42013.jpg
test,041.Scissor_tailed_Flycatcher,Scissor_Tailed_Flycatcher_0111_42118.jpg
test,067.Anna_Hummingbird,Anna_Hummingbird_0028_55993.jpg
test,067.Anna_Hummingbird,Anna_Hummingbird_0050_56794.jpg
test,067.Anna_Hummingbird,Anna_Hummingbird_0080_56366.jpg
test,067.Anna_Hummingbird,Anna_Hummingbird_0086_56495.jpg
test,067.Anna_Hummingbird,Anna_Hummingbird_0087_56435.jpg
test,067.Anna_Hummingbird,Anna_Hummingbird_0093_56851.jpg
test,067.Anna_Hummingbird,Anna_Hummingbird_0102_56087.jpg
test,067.Anna_Hummingbird,Anna_Hummingbird_0106_56335.jpg
test,067.Anna_Hummingbird,Anna_Hummingbird_0113_56296.jpg
test,072.Pomarine_Jaeger,Pomarine_Jaeger_0012_795773.jpg
test,072.Pomarine_Jaeger,Pomarine_Jaeger_0029_61365.jpg
test,072.Pomarine_Jaeger,Pomarine_Jaeger_0043_61384.jpg
test,072.Pomarine_Jaeger,Pomarine_Jaeger_0046_61301.jpg
test,072.Pomarine_Jaeger,Pomarine_Jaeger_0048_795771.jpg
test,072.Pomarine_Jaeger,Pomarine_Jaeger_0051_795738.jpg
test,072.Pomarine_Jaeger,Pomarine_Jaeger_0059_61347.jpg
test,072.Pomarine_Jaeger,Pomarine_Jaeger_0060_795756.jpg
test,072.Pomarine_Jaeger,Pomarine_Jaeger_0063_61406.jpg
test,076.Dark_eyed_Junco,Dark_Eyed_Junco_0021_66261.jpg
test,076.Dark_eyed_Junco,Dark_Eyed_Junco_0057_68650.jpg
test,076.Dark_eyed_Junco,Dark_Eyed_Junco_0083_66449.jpg
test,076.Dark_eyed_Junco,Dark_Eyed_Junco_0086_66437.jpg
test,076.Dark_eyed_Junco,Dark_Eyed_Junco_0087_68102.jpg
test,076.Dark_eyed_Junco,Dark_Eyed_Junco_0089_68498.jpg
test,076.Dark_eyed_Junco,Dark_Eyed_Junco_0099_67868.jpg
test,076.Dark_eyed_Junco,Dark_Eyed_Junco_0102_67402.jpg
test,076.Dark_eyed_Junco,Dark_Eyed_Junco_0105_66479.jpg
test,081.Pied_Kingfisher,Pied_Kingfisher_0019_72659.jpg
test,081.Pied_Kingfisher,Pied_Kingfisher_0036_72275.jpg
test,081.Pied_Kingfisher,Pied_Kingfisher_0063_71999.jpg
test,081.Pied_Kingfisher,Pied_Kingfisher_0067_71641.jpg
test,081.Pied_Kingfisher,Pied_Kingfisher_0068_72278.jpg
test,081.Pied_Kingfisher,Pied_Kingfisher_0073_72508.jpg
test,081.Pied_Kingfisher,Pied_Kingfisher_0085_71557.jpg
test,081.Pied_Kingfisher,Pied_Kingfisher_0093_72465.jpg
test,081.Pied_Kingfisher,Pied_Kingfisher_0102_72349.jpg
test,082.Ringed_Kingfisher,Ringed_Kingfisher_0016_73029.jpg
test,082.Ringed_Kingfisher,Ringed_Kingfisher_0035_73012.jpg
test,082.Ringed_Kingfisher,Ringed_Kingfisher_0053_72875.jpg
test,082.Ringed_Kingfisher,Ringed_Kingfisher_0057_72812.jpg
test,082.Ringed_Kingfisher,Ringed_Kingfisher_0060_73132.jpg
test,082.Ringed_Kingfisher,Ringed_Kingfisher_0072_72954.jpg
test,082.Ringed_Kingfisher,Ringed_Kingfisher_0078_72826.jpg
test,082.Ringed_Kingfisher,Ringed_Kingfisher_0079_72961.jpg
test,082.Ringed_Kingfisher,Ringed_Kingfisher_0083_73053.jpg
test,086.Pacific_Loon,Pacific_Loon_0012_75736.jpg
test,086.Pacific_Loon,Pacific_Loon_0026_75593.jpg
test,086.Pacific_Loon,Pacific_Loon_0039_75517.jpg
test,086.Pacific_Loon,Pacific_Loon_0041_75782.jpg
test,086.Pacific_Loon,Pacific_Loon_0042_75385.jpg
test,086.Pacific_Loon,Pacific_Loon_0044_75467.jpg
test,086.Pacific_Loon,Pacific_Loon_0050_75388.jpg
test,086.Pacific_Loon,Pacific_Loon_0051_75514.jpg
test,086.Pacific_Loon,Pacific_Loon_0054_75543.jpg
test,099.Ovenbird,Ovenbird_0023_92534.jpg
test,099.Ovenbird,Ovenbird_0048_92876.jpg
test,099.Ovenbird,Ovenbird_0083_92561.jpg
test,099.Ovenbird,Ovenbird_0089_93234.jpg
test,099.Ovenbird,Ovenbird_0090_93375.jpg
test,099.Ovenbird,Ovenbird_0093_92705.jpg
test,099.Ovenbird,Ovenbird_0101_93104.jpg
test,099.Ovenbird,Ovenbird_0102_93172.jpg
test,099.Ovenbird,Ovenbird_0112_93018.jpg
test,104.American_Pipit,American_Pipit_0021_100378.jpg
test,104.American_Pipit,American_Pipit_0045_99687.jpg
test,104.American_Pipit,American_Pipit_0074_100154.jpg
test,104.American_Pipit,American_Pipit_0080_100055.jpg
test,104.American_Pipit,American_Pipit_0081_99785.jpg
test,104.American_Pipit,American_Pipit_0085_100246.jpg
test,104.American_Pipit,American_Pipit_0095_99959.jpg
test,104.American_Pipit,American_Pipit_0098_99986.jpg
test,104.American_Pipit,American_Pipit_0102_99979.jpg
test,127.Savannah_Sparrow,Savannah_Sparrow_0022_118989.jpg
test,127.Savannah_Sparrow,Savannah_Sparrow_0051_118574.jpg
test,127.Savannah_Sparrow,Savannah_Sparrow_0068_119972.jpg
test,127.Savannah_Sparrow,Savannah_Sparrow_0076_120267.jpg
test,127.Savannah_Sparrow,Savannah_Sparrow_0079_118817.jpg
test,127.Savannah_Sparrow,Savannah_Sparrow_0084_120063.jpg
test,127.Savannah_Sparrow,Savannah_Sparrow_0106_118294.jpg
test,127.Savannah_Sparrow,Savannah_Sparrow_0107_119671.jpg
test,127.Savannah_Sparrow,Savannah_Sparrow_0115_118882.jpg
test,135.Bank_Swallow,Bank_Swallow_0014_129668.jpg
test,135.Bank_Swallow,Bank_Swallow_0028_129754.jpg
test,135.Bank_Swallow,Bank_Swallow_0039_129599.jpg
test,135.Bank_Swallow,Bank_Swallow_0041_129625.jpg
test,135.Bank_Swallow,Bank_Swallow_0043_129685.jpg
test,135.Bank_Swallow,Bank_Swallow_0045_129483.jpg
test,135.Bank_Swallow,Bank_Swallow_0052_129575.jpg
test,135.Bank_Swallow,Bank_Swallow_0053_129501.jpg
test,141.Artic_Tern,Artic_Tern_0029_142220.jpg
test,141.Artic_Tern,Artic_Tern_0050_140887.jpg
test,141.Artic_Tern,Artic_Tern_0083_141579.jpg
test,141.Artic_Tern,Artic_Tern_0089_141652.jpg
test,141.Artic_Tern,Artic_Tern_0090_143583.jpg
test,141.Artic_Tern,Artic_Tern_0093_141880.jpg
test,141.Artic_Tern,Artic_Tern_0111_143101.jpg
test,141.Artic_Tern,Artic_Tern_0112_141893.jpg
test,149.Brown_Thrasher,Brown_Thrasher_0019_155216.jpg
test,149.Brown_Thrasher,Brown_Thrasher_0051_155344.jpg
test,149.Brown_Thrasher,Brown_Thrasher_0073_155376.jpg
test,149.Brown_Thrasher,Brown_Thrasher_0079_155394.jpg
test,149.Brown_Thrasher,Brown_Thrasher_0080_155200.jpg
test,149.Brown_Thrasher,Brown_Thrasher_0084_155189.jpg
test,149.Brown_Thrasher,Brown_Thrasher_0100_155129.jpg
test,149.Brown_Thrasher,Brown_Thrasher_0105_155187.jpg
test,156.White_eyed_Vireo,White_Eyed_Vireo_0026_158963.jpg
test,156.White_eyed_Vireo,White_Eyed_Vireo_0059_159225.jpg
test,156.White_eyed_Vireo,White_Eyed_Vireo_0086_159202.jpg
test,156.White_eyed_Vireo,White_Eyed_Vireo_0090_158958.jpg
test,156.White_eyed_Vireo,White_Eyed_Vireo_0091_159045.jpg
test,156.White_eyed_Vireo,White_Eyed_Vireo_0095_158886.jpg
test,156.White_eyed_Vireo,White_Eyed_Vireo_0114_159206.jpg
test,156.White_eyed_Vireo,White_Eyed_Vireo_0115_158932.jpg
test,156.White_eyed_Vireo,White_Eyed_Vireo_0120_158991.jpg
test,168.Kentucky_Warbler,Kentucky_Warbler_0015_795867.jpg
test,168.Kentucky_Warbler,Kentucky_Warbler_0036_795872.jpg
test,168.Kentucky_Warbler,Kentucky_Warbler_0050_165278.jpg
test,168.Kentucky_Warbler,Kentucky_Warbler_0052_795874.jpg
test,168.Kentucky_Warbler,Kentucky_Warbler_0053_165332.jpg
test,168.Kentucky_Warbler,Kentucky_Warbler_0057_165349.jpg
test,168.Kentucky_Warbler,Kentucky_Warbler_0066_165290.jpg
test,168.Kentucky_Warbler,Kentucky_Warbler_0067_165404.jpg
test,200.Common_Yellowthroat,Common_Yellowthroat_0019_190524.jpg
test,200.Common_Yellowthroat,Common_Yellowthroat_0045_190563.jpg
test,200.Common_Yellowthroat,Common_Yellowthroat_0070_190678.jpg
test,200.Common_Yellowthroat,Common_Yellowthroat_0072_190402.jpg
test,200.Common_Yellowthroat,Common_Yellowthroat_0075_190900.jpg
test,200.Common_Yellowthroat,Common_Yellowthroat_0080_190663.jpg
test,200.Common_Yellowthroat,Common_Yellowthroat_0092_190573.jpg
test,200.Common_Yellowthroat,Common_Yellowthroat_0093_190609.jpg
test,200.Common_Yellowthroat,Common_Yellowthroat_0099_190531.jpg
train,005.Crested_Auklet,Crested_Auklet_0001_794941.jpg
train,005.Crested_Auklet,Crested_Auklet_0003_794962.jpg
train,005.Crested_Auklet,Crested_Auklet_0005_794922.jpg
train,005.Crested_Auklet,Crested_Auklet_0006_1813.jpg
train,005.Crested_Auklet,Crested_Auklet_0010_794907.jpg
train,005.Crested_Auklet,Crested_Auklet_0011_794927.jpg
train,005.Crested_Auklet,Crested_Auklet_0012_794960.jpg
train,005.Crested_Auklet,Crested_Auklet_0013_794914.jpg
train,005.Crested_Auklet,Crested_Auklet_0018_1817.jpg
train,005.Crested_Auklet,Crested_Auklet_0019_794925.jpg
train,005.Crested_Auklet,Crested_Auklet_0028_794951.jpg
train,005.Crested_Auklet,Crested_Auklet_0029_1824.jpg
train,005.Crested_Auklet,Crested_Auklet_0032_794931.jpg
train,005.Crested_Auklet,Crested_Auklet_0033_794964.jpg
train,005.Crested_Auklet,Crested_Auklet_0036_794905.jpg
train,005.Crested_Auklet,Crested_Auklet_0039_794944.jpg
train,005.Crested_Auklet,Crested_Auklet_0040_794912.jpg
train,005.Crested_Auklet,Crested_Auklet_0042_794902.jpg
train,005.Crested_Auklet,Crested_Auklet_0045_794940.jpg
train,005.Crested_Auklet,Crested_Auklet_0053_794966.jpg
train,005.Crested_Auklet,Crested_Auklet_0057_794932.jpg
train,005.Crested_Auklet,Crested_Auklet_0059_794929.jpg
train,005.Crested_Auklet,Crested_Auklet_0061_794904.jpg
train,005.Crested_Auklet,Crested_Auklet_0062_794968.jpg
train,005.Crested_Auklet,Crested_Auklet_0063_794901.jpg
train,005.Crested_Auklet,Crested_Auklet_0066_785251.jpg
train,005.Crested_Auklet,Crested_Auklet_0067_785249.jpg
train,005.Crested_Auklet,Crested_Auklet_0072_785260.jpg
train,005.Crested_Auklet,Crested_Auklet_0074_794949.jpg
train,005.Crested_Auklet,Crested_Auklet_0076_785252.jpg
train,005.Crested_Auklet,Crested_Auklet_0077_785257.jpg
train,013.Bobolink,Bobolink_0001_9261.jpg
train,013.Bobolink,Bobolink_0002_11085.jpg
train,013.Bobolink,Bobolink_0007_9246.jpg
train,013.Bobolink,Bobolink_0008_9289.jpg
train,013.Bobolink,Bobolink_0013_9367.jpg
train,013.Bobolink,Bobolink_0014_11055.jpg
train,013.Bobolink,Bobolink_0018_9402.jpg
train,013.Bobolink,Bobolink_0019_10552.jpg
train,013.Bobolink,Bobolink_0020_9194.jpg
train,013.Bobolink,Bobolink_0021_10623.jpg
train,013.Bobolink,Bobolink_0027_10569.jpg
train,013.Bobolink,Bobolink_0032_10217.jpg
train,013.Bobolink,Bobolink_0035_11117.jpg
train,013.Bobolink,Bobolink_0039_9779.jpg
train,013.Bobolink,Bobolink_0040_9681.jpg
train,013.Bobolink,Bobolink_0043_10607.jpg
train,013.Bobolink,Bobolink_0044_9990.jpg
train,013.Bobolink,Bobolink_0048_9988.jpg
train,013.Bobolink,Bobolink_0050_9821.jpg
train,013.Bobolink,Bobolink_0057_10051.jpg
train,013.Bobolink,Bobolink_0059_10041.jpg
train,013.Bobolink,Bobolink_0064_10092.jpg
train,013.Bobolink,Bobolink_0065_9375.jpg
train,013.Bobolink,Bobolink_0067_11533.jpg
train,013.Bobolink,Bobolink_0069_9085.jpg
train,013.Bobolink,Bobolink_0070_10624.jpg
train,013.Bobolink,Bobolink_0071_9503.jpg
train,013.Bobolink,Bobolink_0076_11093.jpg
train,013.Bobolink,Bobolink_0092_10026.jpg
train,013.Bobolink,Bobolink_0099_9314.jpg
train,013.Bobolink,Bobolink_0102_10807.jpg
train,013.Bobolink,Bobolink_0109_9869.jpg
train,013.Bobolink,Bobolink_0110_9496.jpg
train,013.Bobolink,Bobolink_0114_10627.jpg
train,013.Bobolink,Bobolink_0115_9265.jpg
train,013.Bobolink,Bobolink_0117_10215.jpg
train,013.Bobolink,Bobolink_0119_10430.jpg
train,013.Bobolink,Bobolink_0120_10859.jpg
train,013.Bobolink,Bobolink_0124_10182.jpg
train,013.Bobolink,Bobolink_0128_9947.jpg
train,013.Bobolink,Bobolink_0131_9578.jpg
train,013.Bobolink,Bobolink_0133_9618.jpg
train,015.Lazuli_Bunting,Lazuli_Bunting_0001_14916.jpg
train,015.Lazuli_Bunting,Lazuli_Bunting_0004_14887.jpg
train,015.Lazuli_Bunting,Lazuli_Bunting_0008_15195.jpg
train,015.Lazuli_Bunting,Lazuli_Bunting_0009_15163.jpg
train,015.Lazuli_Bunting,Lazuli_Bunting_0010_14915.jpg
train,015.Lazuli_Bunting,Lazuli_Bunting_0014_14824.jpg
train,015.Lazuli_Bunting,Lazuli_Bunting_0015_14690.jpg
train,015.Lazuli_Bunting,Lazuli_Bunting_0020_14837.jpg
train,015.Lazuli_Bunting,Lazuli_Bunting_0021_14686.jpg
train,015.Lazuli_Bunting,Lazuli_Bunting_0025_15079.jpg
train,015.Lazuli_Bunting,Lazuli_Bunting_0027_14895.jpg
train,015.Lazuli_Bunting,Lazuli_Bunting_0028_14950.jpg
train,015.Lazuli_Bunting,Lazuli_Bunting_0031_15018.jpg
train,015.Lazuli_Bunting,Lazuli_Bunting_0032_14778.jpg
train,015.Lazuli_Bunting,Lazuli_Bunting_0034_14864.jpg
train,015.Lazuli_Bunting,Lazuli_Bunting_0035_14920.jpg
train,015.Lazuli_Bunting,Lazuli_Bunting_0037_15021.jpg
train,015.Lazuli_Bunting,Lazuli_Bunting_0040_14923.jpg
train,015.Lazuli_Bunting,Lazuli_Bunting_0042_14820.jpg
train,015.Lazuli_Bunting,Lazuli_Bunting_0048_14844.jpg
train,015.Lazuli_Bunting,Lazuli_Bunting_0052_14618.jpg
train,015.Lazuli_Bunting,Lazuli_Bunting_0054_14714.jpg
train,015.Lazuli_Bunting,Lazuli_Bunting_0055_15043.jpg
train,015.Lazuli_Bunting,Lazuli_Bunting_0056_15032.jpg
train,015.Lazuli_Bunting,Lazuli_Bunting_0057_14775.jpg
train,015.Lazuli_Bunting,Lazuli_Bunting_0059_14749.jpg
train,015.Lazuli_Bunting,Lazuli_Bunting_0061_15155.jpg
train,015.Lazuli_Bunting,Lazuli_Bunting_0067_14672.jpg
train,015.Lazuli_Bunting,Lazuli_Bunting_0074_14854.jpg
train,015.Lazuli_Bunting,Lazuli_Bunting_0080_14893.jpg
train,015.Lazuli_Bunting,Lazuli_Bunting_0081_14709.jpg
train,015.Lazuli_Bunting,Lazuli_Bunting_0082_15047.jpg
train,015.Lazuli_Bunting,Lazuli_Bunting_0084_14815.jpg
train,015.Lazuli_Bunting,Lazuli_Bunting_0087_15096.jpg
train,015.Lazuli_Bunting,Lazuli_Bunting_0089_14598.jpg
train,015.Lazuli_Bunting,Lazuli_Bunting_0093_15030.jpg
train,015.Lazuli_Bunting,Lazuli_Bunting_0094_11894.jpg
train,015.Lazuli_Bunting,Lazuli_Bunting_0095_14919.jpg
train,015.Lazuli_Bunting,Lazuli_Bunting_0097_14617.jpg
train,015.Lazuli_Bunting,Lazuli_Bunting_0105_15017.jpg
train,015.Lazuli_Bunting,Lazuli_Bunting_0107_14705.jpg
train,023.Brandt_Cormorant,Brandt_Cormorant_0001_23398.jpg
train,023.Brandt_Cormorant,Brandt_Cormorant_0002_23072.jpg
train,023.Brandt_Cormorant,Brandt_Cormorant_0003_22922.jpg
train,023.Brandt_Cormorant,Brandt_Cormorant_0006_22925.jpg
train,023.Brandt_Cormorant,Brandt_Cormorant_0007_22934.jpg
train,023.Brandt_Cormorant,Brandt_Cormorant_0009_22890.jpg
train,023.Brandt_Cormorant,Brandt_Cormorant_0013_23391.jpg
train,023.Brandt_Cormorant,Brandt_Cormorant_0014_23050.jpg
train,023.Brandt_Cormorant,Brandt_Cormorant_0015_23198.jpg
train,023.Brandt_Cormorant,Brandt_Cormorant_0016_23077.jpg
train,023.Brandt_Cormorant,Brandt_Cormorant_0018_23090.jpg
train,023.Brandt_Cormorant,Brandt_Cormorant_0019_23058.jpg
train,023.Brandt_Cormorant,Brandt_Cormorant_0022_23157.jpg
train,023.Brandt_Cormorant,Brandt_Cormorant_0023_23254.jpg
train,023.Brandt_Cormorant,Brandt_Cormorant_0025_22820.jpg
train,023.Brandt_Cormorant,Brandt_Cormorant_0026_22913.jpg
train,023.Brandt_Cormorant,Brandt_Cormorant_0028_22892.jpg
train,023.Brandt_Cormorant,Brandt_Cormorant_0030_22926.jpg
train,023.Brandt_Cormorant,Brandt_Cormorant_0033_22975.jpg
train,023.Brandt_Cormorant,Brandt_Cormorant_0039_22945.jpg
train,023.Brandt_Cormorant,Brandt_Cormorant_0040_23144.jpg
train,023.Brandt_Cormorant,Brandt_Cormorant_0042_23151.jpg
train,023.Brandt_Cormorant,Brandt_Cormorant_0044_22884.jpg
train,023.Brandt_Cormorant,Brandt_Cormorant_0045_22916.jpg
train,023.Brandt_Cormorant,Brandt_Cormorant_0047_23337.jpg
train,023.Brandt_Cormorant,Brandt_Cormorant_0049_22924.jpg
train,023.Brandt_Cormorant,Brandt_Cormorant_0052_23356.jpg
train,023.Brandt_Cormorant,Brandt_Cormorant_0061_22902.jpg
train,023.Brandt_Cormorant,Brandt_Cormorant_0064_22849.jpg
train,023.Brandt_Cormorant,Brandt_Cormorant_0068_23019.jpg
train,023.Brandt_Cormorant,Brandt_Cormorant_0071_23007.jpg
train,023.Brandt_Cormorant,Brandt_Cormorant_0072_23069.jpg
train,023.Brandt_Cormorant,Brandt_Cormorant_0075_22970.jpg
train,023.Brandt_Cormorant,Brandt_Cormorant_0076_23021.jpg
train,023.Brandt_Cormorant,Brandt_Cormorant_0079_22874.jpg
train,023.Brandt_Cormorant,Brandt_Cormorant_0080_23002.jpg
train,023.Brandt_Cormorant,Brandt_Cormorant_0082_22978.jpg
train,023.Brandt_Cormorant,Brandt_Cormorant_0083_23156.jpg
train,023.Brandt_Cormorant,Brandt_Cormorant_0084_23265.jpg
train,023.Brandt_Cormorant,Brandt_Cormorant_0088_22948.jpg
train,023.Brandt_Cormorant,Brandt_Cormorant_0091_22825.jpg
train,023.Brandt_Cormorant,Brandt_Cormorant_0092_23061.jpg
train,040.Olive_sided_Flycatcher,Olive_Sided_Flycatcher_0001_30669.jpg
train,040.Olive_sided_Flycatcher,Olive_Sided_Flycatcher_0002_30776.jpg
train,040.Olive_sided_Flycatcher,Olive_Sided_Flycatcher_0005_30734.jpg
train,040.Olive_sided_Flycatcher,Olive_Sided_Flycatcher_0006_30824.jpg
train,040.Olive_sided_Flycatcher,Olive_Sided_Flycatcher_0008_30686.jpg
train,040.Olive_sided_Flycatcher,Olive_Sided_Flycatcher_0009_796885.jpg
train,040.Olive_sided_Flycatcher,Olive_Sided_Flycatcher_0012_796876.jpg
train,040.Olive_sided_Flycatcher,Olive_Sided_Flycatcher_0013_30550.jpg
train,040.Olive_sided_Flycatcher,Olive_Sided_Flycatcher_0014_30651.jpg
train,040.Olive_sided_Flycatcher,Olive_Sided_Flycatcher_0016_30717.jpg
train,040.Olive_sided_Flycatcher,Olive_Sided_Flycatcher_0018_796882.jpg
train,040.Olive_sided_Flycatcher,Olive_Sided_Flycatcher_0020_796881.jpg
train,040.Olive_sided_Flycatcher,Olive_Sided_Flycatcher_0022_30551.jpg
train,040.Olive_sided_Flycatcher,Olive_Sided_Flycatcher_0023_796887.jpg
train,040.Olive_sided_Flycatcher,Olive_Sided_Flycatcher_0025_30486.jpg
train,040.Olive_sided_Flycatcher,Olive_Sided_Flycatcher_0026_30525.jpg
train,040.Olive_sided_Flycatcher,Olive_Sided_Flycatcher_0027_30549.jpg
train,040.Olive_sided_Flycatcher,Olive_Sided_Flycatcher_0031_30502.jpg
train,040.Olive_sided_Flycatcher,Olive_Sided_Flycatcher_0033_30532.jpg
train,040.Olive_sided_Flycatcher,Olive_Sided_Flycatcher_0038_796884.jpg
train,040.Olive_sided_Flycatcher,Olive_Sided_Flycatcher_0040_30620.jpg
train,040.Olive_sided_Flycatcher,Olive_Sided_Flycatcher_0041_30470.jpg
train,040.Olive_sided_Flycatcher,Olive_Sided_Flycatcher_0042_796886.jpg
train,040.Olive_sided_Flycatcher,Olive_Sided_Flycatcher_0043_30632.jpg
train,040.Olive_sided_Flycatcher,Olive_Sided_Flycatcher_0045_796888.jpg
train,040.Olive_sided_Flycatcher,Olive_Sided_Flycatcher_0046_30529.jpg
train,040.Olive_sided_Flycatcher,Olive_Sided_Flycatcher_0048_30656.jpg
train,040.Olive_sided_Flycatcher,Olive_Sided_Flycatcher_0050_796878.jpg
train,040.Olive_sided_Flycatcher,Olive_Sided_Flycatcher_0055_796879.jpg
train,040.Olive_sided_Flycatcher,Olive_Sided_Flycatcher_0058_796883.jpg
train,040.Olive_sided_Flycatcher,Olive_Sided_Flycatcher_0061_30540.jpg
train,040.Olive_sided_Flycatcher,Olive_Sided_Flycatcher_0070_30490.jpg
train,040.Olive_sided_Flycatcher,Olive_Sided_Flycatcher_0071_30647.jpg
train,040.Olive_sided_Flycatcher,Olive_Sided_Flycatcher_0074_30816.jpg
train,040.Olive_sided_Flycatcher,Olive_Sided_Flycatcher_0075_30712.jpg
train,040.Olive_sided_Flycatcher,Olive_Sided_Flycatcher_0076_30555.jpg
train,040.Olive_sided_Flycatcher,Olive_Sided_Flycatcher_0077_30492.jpg
train,040.Olive_sided_Flycatcher,Olive_Sided_Flycatcher_0078_30752.jpg
train,040.Olive_sided_Flycatcher,Olive_Sided_Flycatcher_0079_30662.jpg
train,040.Olive_sided_Flycatcher,Olive_Sided_Flycatcher_0081_796895.jpg
train,040.Olive_sided_Flycatcher,Olive_Sided_Flycatcher_0082_796893.jpg
train,040.Olive_sided_Flycatcher,Olive_Sided_Flycatcher_0086_30553.jpg
train,041.Scissor_tailed_Flycatcher,Scissor_Tailed_Flycatcher_0002_41762.jpg
train,041.Scissor_tailed_Flycatcher,Scissor_Tailed_Flycatcher_0003_41849.jpg
train,041.Scissor_tailed_Flycatcher,Scissor_Tailed_Flycatcher_0004_41643.jpg
train,041.Scissor_tailed_Flycatcher,Scissor_Tailed_Flycatcher_0005_41727.jpg
train,041.Scissor_tailed_Flycatcher,Scissor_Tailed_Flycatcher_0006_41601.jpg
train,041.Scissor_tailed_Flycatcher,Scissor_Tailed_Flycatcher_0007_41917.jpg
train,041.Scissor_tailed_Flycatcher,Scissor_Tailed_Flycatcher_0008_41670.jpg
train,041.Scissor_tailed_Flycatcher,Scissor_Tailed_Flycatcher_0012_41853.jpg
train,041.Scissor_tailed_Flycatcher,Scissor_Tailed_Flycatcher_0013_42024.jpg
train,041.Scissor_tailed_Flycatcher,Scissor_Tailed_Flycatcher_0016_42111.jpg
train,041.Scissor_tailed_Flycatcher,Scissor_Tailed_Flycatcher_0020_41680.jpg
train,041.Scissor_tailed_Flycatcher,Scissor_Tailed_Flycatcher_0021_41931.jpg
train,041.Scissor_tailed_Flycatcher,Scissor_Tailed_Flycatcher_0025_42032.jpg
train,041.Scissor_tailed_Flycatcher,Scissor_Tailed_Flycatcher_0026_41774.jpg
train,041.Scissor_tailed_Flycatcher,Scissor_Tailed_Flycatcher_0028_42010.jpg
train,041.Scissor_tailed_Flycatcher,Scissor_Tailed_Flycatcher_0031_41836.jpg
train,041.Scissor_tailed_Flycatcher,Scissor_Tailed_Flycatcher_0033_41782.jpg
train,041.Scissor_tailed_Flycatcher,Scissor_Tailed_Flycatcher_0038_41649.jpg
train,041.Scissor_tailed_Flycatcher,Scissor_Tailed_Flycatcher_0044_42002.jpg
train,041.Scissor_tailed_Flycatcher,Scissor_Tailed_Flycatcher_0059_41998.jpg
train,041.Scissor_tailed_Flycatcher,Scissor_Tailed_Flycatcher_0060_41655.jpg
train,041.Scissor_tailed_Flycatcher,Scissor_Tailed_Flycatcher_0062_41952.jpg
train,041.Scissor_tailed_Flycatcher,Scissor_Tailed_Flycatcher_0068_41835.jpg
train,041.Scissor_tailed_Flycatcher,Scissor_Tailed_Flycatcher_0069_41827.jpg
train,041.Scissor_tailed_Flycatcher,Scissor_Tailed_Flycatcher_0072_42085.jpg
train,041.Scissor_tailed_Flycatcher,Scissor_Tailed_Flycatcher_0076_41597.jpg
train,041.Scissor_tailed_Flycatcher,Scissor_Tailed_Flycatcher_0077_41688.jpg
train,041.Scissor_tailed_Flycatcher,Scissor_Tailed_Flycatcher_0085_41830.jpg
train,041.Scissor_tailed_Flycatcher,Scissor_Tailed_Flycatcher_0092_41767.jpg
train,041.Scissor_tailed_Flycatcher,Scissor_Tailed_Flycatcher_0097_41701.jpg
train,041.Scissor_tailed_Flycatcher,Scissor_Tailed_Flycatcher_0100_41796.jpg
train,041.Scissor_tailed_Flycatcher,Scissor_Tailed_Flycatcher_0109_41720.jpg
train,041.Scissor_tailed_Flycatcher,Scissor_Tailed_Flycatcher_0110_42136.jpg
train,041.Scissor_tailed_Flycatcher,Scissor_Tailed_Flycatcher_0114_41704.jpg
train,041.Scissor_tailed_Flycatcher,Scissor_Tailed_Flycatcher_0115_42137.jpg
train,041.Scissor_tailed_Flycatcher,Scissor_Tailed_Flycatcher_0117_42026.jpg
train,041.Scissor_tailed_Flycatcher,Scissor_Tailed_Flycatcher_0118_42067.jpg
train,041.Scissor_tailed_Flycatcher,Scissor_Tailed_Flycatcher_0119_41879.jpg
train,041.Scissor_tailed_Flycatcher,Scissor_Tailed_Flycatcher_0121_41843.jpg
train,041.Scissor_tailed_Flycatcher,Scissor_Tailed_Flycatcher_0123_41638.jpg
train,041.Scissor_tailed_Flycatcher,Scissor_Tailed_Flycatcher_0125_41906.jpg
train,041.Scissor_tailed_Flycatcher,Scissor_Tailed_Flycatcher_0126_41905.jpg
train,067.Anna_Hummingbird,Anna_Hummingbird_0001_56960.jpg
train,067.Anna_Hummingbird,Anna_Hummingbird_0006_55871.jpg
train,067.Anna_Hummingbird,Anna_Hummingbird_0017_56954.jpg
train,067.Anna_Hummingbird,Anna_Hummingbird_0018_56732.jpg
train,067.Anna_Hummingbird,Anna_Hummingbird_0019_57025.jpg
train,067.Anna_Hummingbird,Anna_Hummingbird_0021_55763.jpg
train,067.Anna_Hummingbird,Anna_Hummingbird_0022_55779.jpg
train,067.Anna_Hummingbird,Anna_Hummingbird_0023_55841.jpg
train,067.Anna_Hummingbird,Anna_Hummingbird_0024_55760.jpg
train,067.Anna_Hummingbird,Anna_Hummingbird_0027_55873.jpg
train,067.Anna_Hummingbird,Anna_Hummingbird_0029_55823.jpg
train,067.Anna_Hummingbird,Anna_Hummingbird_0031_56709.jpg
train,067.Anna_Hummingbird,Anna_Hummingbird_0035_56493.jpg
train,067.Anna_Hummingbird,Anna_Hummingbird_0036_56809.jpg
train,067.Anna_Hummingbird,Anna_Hummingbird_0037_56587.jpg
train,067.Anna_Hummingbird,Anna_Hummingbird_0038_57036.jpg
train,067.Anna_Hummingbird,Anna_Hummingbird_0040_56293.jpg
train,067.Anna_Hummingbird,Anna_Hummingbird_0043_56059.jpg
train,067.Anna_Hummingbird,Anna_Hummingbird_0047_56049.jpg
train,067.Anna_Hummingbird,Anna_Hummingbird_0054_56419.jpg
train,067.Anna_Hummingbird,Anna_Hummingbird_0055_56396.jpg
train,067.Anna_Hummingbird,Anna_Hummingbird_0059_56674.jpg
train,067.Anna_Hummingbird,Anna_Hummingbird_0065_56154.jpg
train,067.Anna_Hummingbird,Anna_Hummingbird_0066_56486.jpg
train,067.Anna_Hummingbird,Anna_Hummingbird_0069_56933.jpg
train,067.Anna_Hummingbird,Anna_Hummingbird_0070_56085.jpg
train,067.Anna_Hummingbird,Anna_Hummingbird_0074_56917.jpg
train,067.Anna_Hummingbird,Anna_Hummingbird_0085_56756.jpg
train,067.Anna_Hummingbird,Anna_Hummingbird_0091_56004.jpg
train,067.Anna_Hummingbird,Anna_Hummingbird_0096_56754.jpg
train,067.Anna_Hummingbird,Anna_Hummingbird_0099_55916.jpg
train,067.Anna_Hummingbird,Anna_Hummingbird_0109_57022.jpg
train,067.Anna_Hummingbird,Anna_Hummingbird_0112_56353.jpg
train,067.Anna_Hummingbird,Anna_Hummingbird_0115_55766.jpg
train,067.Anna_Hummingbird,Anna_Hummingbird_0117_55785.jpg
train,067.Anna_Hummingbird,Anna_Hummingbird_0118_55773.jpg
train,067.Anna_Hummingbird,Anna_Hummingbird_0119_56309.jpg
train,067.Anna_Hummingbird,Anna_Hummingbird_0121_56436.jpg
train,067.Anna_Hummingbird,Anna_Hummingbird_0122_56622.jpg
train,067.Anna_Hummingbird,Anna_Hummingbird_0127_56520.jpg
train,067.Anna_Hummingbird,Anna_Hummingbird_0128_57047.jpg
train,067.Anna_Hummingbird,Anna_Hummingbird_0130_56122.jpg
train,072.Pomarine_Jaeger,Pomarine_Jaeger_0001_795772.jpg
train,072.Pomarine_Jaeger,Pomarine_Jaeger_0002_61361.jpg
train,072.Pomarine_Jaeger,Pomarine_Jaeger_0003_795778.jpg
train,072.Pomarine_Jaeger,Pomarine_Jaeger_0004_795796.jpg
train,072.Pomarine_Jaeger,Pomarine_Jaeger_0006_795775.jpg
train,072.Pomarine_Jaeger,Pomarine_Jaeger_0007_795764.jpg
train,072.Pomarine_Jaeger,Pomarine_Jaeger_0008_61231.jpg
train,072.Pomarine_Jaeger,Pomarine_Jaeger_0009_795740.jpg
train,072.Pomarine_Jaeger,Pomarine_Jaeger_0010_61457.jpg
train,072.Pomarine_Jaeger,Pomarine_Jaeger_0011_795777.jpg
train,072.Pomarine_Jaeger,Pomarine_Jaeger_0013_795759.jpg
train,072.Pomarine_Jaeger,Pomarine_Jaeger_0014_61335.jpg
train,072.Pomarine_Jaeger,Pomarine_Jaeger_0017_795782.jpg
train,072.Pomarine_Jaeger,Pomarine_Jaeger_0020_795761.jpg
train,072.Pomarine_Jaeger,Pomarine_Jaeger_0021_795776.jpg
train,072.Pomarine_Jaeger,Pomarine_Jaeger_0022_795747.jpg
train,072.Pomarine_Jaeger,Pomarine_Jaeger_0023_61431.jpg
train,072.Pomarine_Jaeger,Pomarine_Jaeger_0026_61273.jpg
train,072.Pomarine_Jaeger,Pomarine_Jaeger_0028_795797.jpg
train,072.Pomarine_Jaeger,Pomarine_Jaeger_0032_795789.jpg
train,072.Pomarine_Jaeger,Pomarine_Jaeger_0033_795749.jpg
train,072.Pomarine_Jaeger,Pomarine_Jaeger_0034_61247.jpg
train,072.Pomarine_Jaeger,Pomarine_Jaeger_0036_61410.jpg
train,072.Pomarine_Jaeger,Pomarine_Jaeger_0038_61446.jpg
train,072.Pomarine_Jaeger,Pomarine_Jaeger_0039_61348.jpg
train,072.Pomarine_Jaeger,Pomarine_Jaeger_0041_61305.jpg
train,072.Pomarine_Jaeger,Pomarine_Jaeger_0042_795755.jpg
train,072.Pomarine_Jaeger,Pomarine_Jaeger_0045_795750.jpg
train,072.Pomarine_Jaeger,Pomarine_Jaeger_0049_795795.jpg
train,072.Pomarine_Jaeger,Pomarine_Jaeger_0054_795791.jpg
train,072.Pomarine_Jaeger,Pomarine_Jaeger_0056_795770.jpg
train,072.Pomarine_Jaeger,Pomarine_Jaeger_0061_795788.jpg
train,072.Pomarine_Jaeger,Pomarine_Jaeger_0062_61351.jpg
train,072.Pomarine_Jaeger,Pomarine_Jaeger_0066_795780.jpg
train,072.Pomarine_Jaeger,Pomarine_Jaeger_0069_61381.jpg
train,072.Pomarine_Jaeger,Pomarine_Jaeger_0071_795769.jpg
train,072.Pomarine_Jaeger,Pomarine_Jaeger_0072_795743.jpg
train,072.Pomarine_Jaeger,Pomarine_Jaeger_0073_795800.jpg
train,072.Pomarine_Jaeger,Pomarine_Jaeger_0075_61349.jpg
train,072.Pomarine_Jaeger,Pomarine_Jaeger_0078_795758.jpg
train,072.Pomarine_Jaeger,Pomarine_Jaeger_0079_61370.jpg
train,072.Pomarine_Jaeger,Pomarine_Jaeger_0080_795751.jpg
train,076.Dark_eyed_Junco,Dark_Eyed_Junco_0005_68813.jpg
train,076.Dark_eyed_Junco,Dark_Eyed_Junco_0008_68321.jpg
train,076.Dark_eyed_Junco,Dark_Eyed_Junco_0010_66649.jpg
train,076.Dark_eyed_Junco,Dark_Eyed_Junco_0011_66280.jpg
train,076.Dark_eyed_Junco,Dark_Eyed_Junco_0012_66932.jpg
train,076.Dark_eyed_Junco,Dark_Eyed_Junco_0013_66332.jpg
train,076.Dark_eyed_Junco,Dark_Eyed_Junco_0014_66258.jpg
train,076.Dark_eyed_Junco,Dark_Eyed_Junco_0015_66576.jpg
train,076.Dark_eyed_Junco,Dark_Eyed_Junco_0016_68738.jpg
train,076.Dark_eyed_Junco,Dark_Eyed_Junco_0017_67676.jpg
train,076.Dark_eyed_Junco,Dark_Eyed_Junco_0023_68661.jpg
train,076.Dark_eyed_Junco,Dark_Eyed_Junco_0024_68961.jpg
train,076.Dark_eyed_Junco,Dark_Eyed_Junco_0030_68439.jpg
train,076.Dark_eyed_Junco,Dark_Eyed_Junco_0031_66785.jpg
train,076.Dark_eyed_Junco,Dark_Eyed_Junco_0037_66321.jpg
train,076.Dark_eyed_Junco,Dark_Eyed_Junco_0040_66689.jpg
train,076.Dark_eyed_Junco,Dark_Eyed_Junco_0041_66464.jpg
train,076.Dark_eyed_Junco,Dark_Eyed_Junco_0044_68213.jpg
train,076.Dark_eyed_Junco,Dark_Eyed_Junco_0056_67498.jpg
train,076.Dark_eyed_Junco,Dark_Eyed_Junco_0061_66858.jpg
train,076.Dark_eyed_Junco,Dark_Eyed_Junco_0062_68198.jpg
train,076.Dark_eyed_Junco,Dark_Eyed_Junco_0063_67688.jpg
train,076.Dark_eyed_Junco,Dark_Eyed_Junco_0069_68416.jpg
train,076.Dark_eyed_Junco,Dark_Eyed_Junco_0071_67426.jpg
train,076.Dark_eyed_Junco,Dark_Eyed_Junco_0072_67810.jpg
train,076.Dark_eyed_Junco,Dark_Eyed_Junco_0078_66866.jpg
train,076.Dark_eyed_Junco,Dark_Eyed_Junco_0081_67223.jpg
train,076.Dark_eyed_Junco,Dark_Eyed_Junco_0084_66455.jpg
train,076.Dark_eyed_Junco,Dark_Eyed_Junco_0088_66722.jpg
train,076.Dark_eyed_Junco,Dark_Eyed_Junco_0091_67304.jpg
train,076.Dark_eyed_Junco,Dark_Eyed_Junco_0094_68735.jpg
train,076.Dark_eyed_Junco,Dark_Eyed_Junco_0103_67700.jpg
train,076.Dark_eyed_Junco,Dark_Eyed_Junco_0104_67820.jpg
train,076.Dark_eyed_Junco,Dark_Eyed_Junco_0106_68139.jpg
train,076.Dark_eyed_Junco,Dark_Eyed_Junco_0109_66326.jpg
train,076.Dark_eyed_Junco,Dark_Eyed_Junco_0111_66488.jpg
train,076.Dark_eyed_Junco,Dark_Eyed_Junco_0113_68470.jpg
train,076.Dark_eyed_Junco,Dark_Eyed_Junco_0114_67964.jpg
train,076.Dark_eyed_Junco,Dark_Eyed_Junco_0115_68840.jpg
train,076.Dark_eyed_Junco,Dark_Eyed_Junco_0130_67867.jpg
train,076.Dark_eyed_Junco,Dark_Eyed_Junco_0131_66423.jpg
train,076.Dark_eyed_Junco,Dark_Eyed_Junco_0132_66476.jpg
train,081.Pied_Kingfisher,Pied_Kingfisher_0002_71698.jpg
train,081.Pied_Kingfisher,Pied_Kingfisher_0004_72135.jpg
train,081.Pied_Kingfisher,Pied_Kingfisher_0007_72438.jpg
train,081.Pied_Kingfisher,Pied_Kingfisher_0011_72143.jpg
train,081.Pied_Kingfisher,Pied_Kingfisher_0013_72114.jpg
train,081.Pied_Kingfisher,Pied_Kingfisher_0014_72119.jpg
train,081.Pied_Kingfisher,Pied_Kingfisher_0015_72299.jpg
train,081.Pied_Kingfisher,Pied_Kingfisher_0016_72280.jpg
train,081.Pied_Kingfisher,Pied_Kingfisher_0017_72316.jpg
train,081.Pied_Kingfisher,Pied_Kingfisher_0018_71657.jpg
train,081.Pied_Kingfisher,Pied_Kingfisher_0021_72498.jpg
train,081.Pied_Kingfisher,Pied_Kingfisher_0022_72247.jpg
train,081.Pied_Kingfisher,Pied_Kingfisher_0025_72469.jpg
train,081.Pied_Kingfisher,Pied_Kingfisher_0026_71875.jpg
train,081.Pied_Kingfisher,Pied_Kingfisher_0027_71434.jpg
train,081.Pied_Kingfisher,Pied_Kingfisher_0028_72221.jpg
train,081.Pied_Kingfisher,Pied_Kingfisher_0029_72440.jpg
train,081.Pied_Kingfisher,Pied_Kingfisher_0031_71829.jpg
train,081.Pied_Kingfisher,Pied_Kingfisher_0033_71883.jpg
train,081.Pied_Kingfisher,Pied_Kingfisher_0046_72156.jpg
train,081.Pied_Kingfisher,Pied_Kingfisher_0047_72401.jpg
train,081.Pied_Kingfisher,Pied_Kingfisher_0051_71429.jpg
train,081.Pied_Kingfisher,Pied_Kingfisher_0053_72761.jpg
train,081.Pied_Kingfisher,Pied_Kingfisher_0054_72296.jpg
train,081.Pied_Kingfisher,Pied_Kingfisher_0059_72492.jpg
train,081.Pied_Kingfisher,Pied_Kingfisher_0061_72193.jpg
train,081.Pied_Kingfisher,Pied_Kingfisher_0062_72379.jpg
train,081.Pied_Kingfisher,Pied_Kingfisher_0065_71871.jpg
train,081.Pied_Kingfisher,Pied_Kingfisher_0071_72576.jpg
train,081.Pied_Kingfisher,Pied_Kingfisher_0075_72581.jpg
train,081.Pied_Kingfisher,Pied_Kingfisher_0080_72199.jpg
train,081.Pied_Kingfisher,Pied_Kingfisher_0095_72008.jpg
train,081.Pied_Kingfisher,Pied_Kingfisher_0097_71895.jpg
train,081.Pied_Kingfisher,Pied_Kingfisher_0106_71404.jpg
train,081.Pied_Kingfisher,Pied_Kingfisher_0107_71987.jpg
train,081.Pied_Kingfisher,Pied_Kingfisher_0109_72082.jpg
train,081.Pied_Kingfisher,Pied_Kingfisher_0116_71900.jpg
train,081.Pied_Kingfisher,Pied_Kingfisher_0117_71947.jpg
train,081.Pied_Kingfisher,Pied_Kingfisher_0118_72115.jpg
train,081.Pied_Kingfisher,Pied_Kingfisher_0122_71789.jpg
train,081.Pied_Kingfisher,Pied_Kingfisher_0128_72775.jpg
train,081.Pied_Kingfisher,Pied_Kingfisher_0132_72706.jpg
train,082.Ringed_Kingfisher,Ringed_Kingfisher_0001_73048.jpg
train,082.Ringed_Kingfisher,Ringed_Kingfisher_0003_72994.jpg
train,082.Ringed_Kingfisher,Ringed_Kingfisher_0004_72966.jpg
train,082.Ringed_Kingfisher,Ringed_Kingfisher_0005_73086.jpg
train,082.Ringed_Kingfisher,Ringed_Kingfisher_0008_72943.jpg
train,082.Ringed_Kingfisher,Ringed_Kingfisher_0009_72786.jpg
train,082.Ringed_Kingfisher,Ringed_Kingfisher_0011_72982.jpg
train,082.Ringed_Kingfisher,Ringed_Kingfisher_0012_72974.jpg
train,082.Ringed_Kingfisher,Ringed_Kingfisher_0014_72798.jpg
train,082.Ringed_Kingfisher,Ringed_Kingfisher_0015_72835.jpg
train,082.Ringed_Kingfisher,Ringed_Kingfisher_0017_73145.jpg
train,082.Ringed_Kingfisher,Ringed_Kingfisher_0018_72957.jpg
train,082.Ringed_Kingfisher,Ringed_Kingfisher_0021_72848.jpg
train,082.Ringed_Kingfisher,Ringed_Kingfisher_0023_72910.jpg
train,082.Ringed_Kingfisher,Ringed_Kingfisher_0024_73178.jpg
train,082.Ringed_Kingfisher,Ringed_Kingfisher_0025_72795.jpg
train,082.Ringed_Kingfisher,Ringed_Kingfisher_0026_72867.jpg
train,082.Ringed_Kingfisher,Ringed_Kingfisher_0028_73018.jpg
train,082.Ringed_Kingfisher,Ringed_Kingfisher_0033_73133.jpg
train,082.Ringed_Kingfisher,Ringed_Kingfisher_0040_72852.jpg
train,082.Ringed_Kingfisher,Ringed_Kingfisher_0041_72853.jpg
train,082.Ringed_Kingfisher,Ringed_Kingfisher_0042_72913.jpg
train,082.Ringed_Kingfisher,Ringed_Kingfisher_0043_72877.jpg
train,082.Ringed_Kingfisher,Ringed_Kingfisher_0044_72976.jpg
train,082.Ringed_Kingfisher,Ringed_Kingfisher_0050_73002.jpg
train,082.Ringed_Kingfisher,Ringed_Kingfisher_0051_72997.jpg
train,082.Ringed_Kingfisher,Ringed_Kingfisher_0052_72871.jpg
train,082.Ringed_Kingfisher,Ringed_Kingfisher_0056_72863.jpg
train,082.Ringed_Kingfisher,Ringed_Kingfisher_0071_72958.jpg
train,082.Ringed_Kingfisher,Ringed_Kingfisher_0074_73130.jpg
train,082.Ringed_Kingfisher,Ringed_Kingfisher_0076_73095.jpg
train,082.Ringed_Kingfisher,Ringed_Kingfisher_0080_72923.jpg
train,082.Ringed_Kingfisher,Ringed_Kingfisher_0082_72955.jpg
train,082.Ringed_Kingfisher,Ringed_Kingfisher_0087_72794.jpg
train,082.Ringed_Kingfisher,Ringed_Kingfisher_0089_72947.jpg
train,082.Ringed_Kingfisher,Ringed_Kingfisher_0091_72839.jpg
train,082.Ringed_Kingfisher,Ringed_Kingfisher_0094_72998.jpg
train,082.Ringed_Kingfisher,Ringed_Kingfisher_0098_73110.jpg
train,082.Ringed_Kingfisher,Ringed_Kingfisher_0101_72919.jpg
train,082.Ringed_Kingfisher,Ringed_Kingfisher_0103_72894.jpg
train,082.Ringed_Kingfisher,Ringed_Kingfisher_0107_72983.jpg
train,082.Ringed_Kingfisher,Ringed_Kingfisher_0108_73169.jpg
train,086.Pacific_Loon,Pacific_Loon_0001_75521.jpg
train,086.Pacific_Loon,Pacific_Loon_0002_75775.jpg
train,086.Pacific_Loon,Pacific_Loon_0003_75442.jpg
train,086.Pacific_Loon,Pacific_Loon_0004_75815.jpg
train,086.Pacific_Loon,Pacific_Loon_0005_75829.jpg
train,086.Pacific_Loon,Pacific_Loon_0006_75386.jpg
train,086.Pacific_Loon,Pacific_Loon_0008_75428.jpg
train,086.Pacific_Loon,Pacific_Loon_0009_75642.jpg
train,086.Pacific_Loon,Pacific_Loon_0010_75818.jpg
train,086.Pacific_Loon,Pacific_Loon_0011_75726.jpg
train,086.Pacific_Loon,Pacific_Loon_0013_75530.jpg
train,086.Pacific_Loon,Pacific_Loon_0014_75468.jpg
train,086.Pacific_Loon,Pacific_Loon_0017_75835.jpg
train,086.Pacific_Loon,Pacific_Loon_0018_75564.jpg
train,086.Pacific_Loon,Pacific_Loon_0019_75422.jpg
train,086.Pacific_Loon,Pacific_Loon_0020_75596.jpg
train,086.Pacific_Loon,Pacific_Loon_0021_75859.jpg
train,086.Pacific_Loon,Pacific_Loon_0023_75476.jpg
train,086.Pacific_Loon,Pacific_Loon_0025_75436.jpg
train,086.Pacific_Loon,Pacific_Loon_0031_75531.jpg
train,086.Pacific_Loon,Pacific_Loon_0032_75441.jpg
train,086.Pacific_Loon,Pacific_Loon_0033_75571.jpg
train,086.Pacific_Loon,Pacific_Loon_0034_75438.jpg
train,086.Pacific_Loon,Pacific_Loon_0035_75395.jpg
train,086.Pacific_Loon,Pacific_Loon_0036_75539.jpg
train,086.Pacific_Loon,Pacific_Loon_0037_75800.jpg
train,086.Pacific_Loon,Pacific_Loon_0038_75526.jpg
train,086.Pacific_Loon,Pacific_Loon_0040_75414.jpg
train,086.Pacific_Loon,Pacific_Loon_0043_75747.jpg
train,086.Pacific_Loon,Pacific_Loon_0046_75439.jpg
train,086.Pacific_Loon,Pacific_Loon_0048_75524.jpg
train,086.Pacific_Loon,Pacific_Loon_0052_75451.jpg
train,086.Pacific_Loon,Pacific_Loon_0053_77673.jpg
train,086.Pacific_Loon,Pacific_Loon_0057_75854.jpg
train,086.Pacific_Loon,Pacific_Loon_0059_75706.jpg
train,086.Pacific_Loon,Pacific_Loon_0062_75587.jpg
train,086.Pacific_Loon,Pacific_Loon_0063_75865.jpg
train,086.Pacific_Loon,Pacific_Loon_0064_75532.jpg
train,086.Pacific_Loon,Pacific_Loon_0065_75588.jpg
train,086.Pacific_Loon,Pacific_Loon_0067_75423.jpg
train,086.Pacific_Loon,Pacific_Loon_0068_75836.jpg
train,086.Pacific_Loon,Pacific_Loon_0069_75446.jpg
train,099.Ovenbird,Ovenbird_0003_92910.jpg
train,099.Ovenbird,Ovenbird_0004_92868.jpg
train,099.Ovenbird,Ovenbird_0009_93395.jpg
train,099.Ovenbird,Ovenbird_0010_92957.jpg
train,099.Ovenbird,Ovenbird_0011_92451.jpg
train,099.Ovenbird,Ovenbird_0012_92778.jpg
train,099.Ovenbird,Ovenbird_0015_93037.jpg
train,099.Ovenbird,Ovenbird_0019_92699.jpg
train,099.Ovenbird,Ovenbird_0020_93049.jpg
train,099.Ovenbird,Ovenbird_0022_92702.jpg
train,099.Ovenbird,Ovenbird_0024_92583.jpg
train,099.Ovenbird,Ovenbird_0026_92850.jpg
train,099.Ovenbird,Ovenbird_0032_93199.jpg
train,099.Ovenbird,Ovenbird_0033_93232.jpg
train,099.Ovenbird,Ovenbird_0034_93006.jpg
train,099.Ovenbird,Ovenbird_0035_92785.jpg
train,099.Ovenbird,Ovenbird_0043_93374.jpg
train,099.Ovenbird,Ovenbird_0045_92973.jpg
train,099.Ovenbird,Ovenbird_0047_93203.jpg
train,099.Ovenbird,Ovenbird_0054_92594.jpg
train,099.Ovenbird,Ovenbird_0058_93078.jpg
train,099.Ovenbird,Ovenbird_0059_92470.jpg
train,099.Ovenbird,Ovenbird_0064_93208.jpg
train,099.Ovenbird,Ovenbird_0070_93140.jpg
train,099.Ovenbird,Ovenbird_0077_92590.jpg
train,099.Ovenbird,Ovenbird_0079_92610.jpg
train,099.Ovenbird,Ovenbird_0081_93115.jpg
train,099.Ovenbird,Ovenbird_0084_92901.jpg
train,099.Ovenbird,Ovenbird_0092_93416.jpg
train,099.Ovenbird,Ovenbird_0095_92796.jpg
train,099.Ovenbird,Ovenbird_0098_93032.jpg
train,099.Ovenbird,Ovenbird_0104_92763.jpg
train,099.Ovenbird,Ovenbird_0108_92675.jpg
train,099.Ovenbird,Ovenbird_0118_93002.jpg
train,099.Ovenbird,Ovenbird_0122_92993.jpg
train,099.Ovenbird,Ovenbird_0124_93103.jpg
train,099.Ovenbird,Ovenbird_0126_92602.jpg
train,099.Ovenbird,Ovenbird_0128_93366.jpg
train,099.Ovenbird,Ovenbird_0130_92452.jpg
train,099.Ovenbird,Ovenbird_0135_93168.jpg
train,099.Ovenbird,Ovenbird_0136_92859.jpg
train,099.Ovenbird,Ovenbird_0137_92639.jpg
train,104.American_Pipit,American_Pipit_0001_100225.jpg
train,104.American_Pipit,American_Pipit_0002_100023.jpg
train,104.American_Pipit,American_Pipit_0006_99857.jpg
train,104.American_Pipit,American_Pipit_0007_99808.jpg
train,104.American_Pipit,American_Pipit_0008_100390.jpg
train,104.American_Pipit,American_Pipit_0010_99843.jpg
train,104.American_Pipit,American_Pipit_0011_99630.jpg
train,104.American_Pipit,American_Pipit_0015_99932.jpg
train,104.American_Pipit,American_Pipit_0017_99902.jpg
train,104.American_Pipit,American_Pipit_0019_99810.jpg
train,104.American_Pipit,American_Pipit_0022_100227.jpg
train,104.American_Pipit,American_Pipit_0024_99813.jpg
train,104.American_Pipit,American_Pipit_0029_99667.jpg
train,104.American_Pipit,American_Pipit_0031_99607.jpg
train,104.American_Pipit,American_Pipit_0034_99946.jpg
train,104.American_Pipit,American_Pipit_0035_100181.jpg
train,104.American_Pipit,American_Pipit_0036_99658.jpg
train,104.American_Pipit,American_Pipit_0039_99841.jpg
train,104.American_Pipit,American_Pipit_0043_100027.jpg
train,104.American_Pipit,American_Pipit_0058_100218.jpg
train,104.American_Pipit,American_Pipit_0059_99628.jpg
train,104.American_Pipit,American_Pipit_0062_100000.jpg
train,104.American_Pipit,American_Pipit_0066_99961.jpg
train,104.American_Pipit,American_Pipit_0067_100237.jpg
train,104.American_Pipit,American_Pipit_0070_100061.jpg
train,104.American_Pipit,American_Pipit_0072_99631.jpg
train,104.American_Pipit,American_Pipit_0073_99642.jpg
train,104.American_Pipit,American_Pipit_0078_99898.jpg
train,104.American_Pipit,American_Pipit_0082_99867.jpg
train,104.American_Pipit,American_Pipit_0088_100213.jpg
train,104.American_Pipit,American_Pipit_0090_99651.jpg
train,104.American_Pipit,American_Pipit_0099_99971.jpg
train,104.American_Pipit,American_Pipit_0101_100053.jpg
train,104.American_Pipit,American_Pipit_0104_100147.jpg
train,104.American_Pipit,American_Pipit_0109_99710.jpg
train,104.American_Pipit,American_Pipit_0111_99940.jpg
train,104.American_Pipit,American_Pipit_0113_99939.jpg
train,104.American_Pipit,American_Pipit_0114_100380.jpg
train,104.American_Pipit,American_Pipit_0116_100015.jpg
train,104.American_Pipit,American_Pipit_0121_100040.jpg
train,104.American_Pipit,American_Pipit_0123_99929.jpg
train,104.American_Pipit,American_Pipit_0124_99848.jpg
train,127.Savannah_Sparrow,Savannah_Sparrow_0001_118956.jpg
train,127.Savannah_Sparrow,Savannah_Sparrow_0005_119735.jpg
train,127.Savannah_Sparrow,Savannah_Sparrow_0008_118929.jpg
train,127.Savannah_Sparrow,Savannah_Sparrow_0009_120205.jpg
train,127.Savannah_Sparrow,Savannah_Sparrow_0011_119459.jpg
train,127.Savannah_Sparrow,Savannah_Sparrow_0014_120072.jpg
train,127.Savannah_Sparrow,Savannah_Sparrow_0015_118910.jpg
train,127.Savannah_Sparrow,Savannah_Sparrow_0017_119171.jpg
train,127.Savannah_Sparrow,Savannah_Sparrow_0019_118200.jpg
train,127.Savannah_Sparrow,Savannah_Sparrow_0021_118886.jpg
train,127.Savannah_Sparrow,Savannah_Sparrow_0023_120326.jpg
train,127.Savannah_Sparrow,Savannah_Sparrow_0025_119124.jpg
train,127.Savannah_Sparrow,Savannah_Sparrow_0029_119621.jpg
train,127.Savannah_Sparrow,Savannah_Sparrow_0032_120109.jpg
train,127.Savannah_Sparrow,Savannah_Sparrow_0033_118871.jpg
train,127.Savannah_Sparrow,Savannah_Sparrow_0035_120099.jpg
train,127.Savannah_Sparrow,Savannah_Sparrow_0043_119362.jpg
train,127.Savannah_Sparrow,Savannah_Sparrow_0047_119365.jpg
train,127.Savannah_Sparrow,Savannah_Sparrow_0049_119596.jpg
train,127.Savannah_Sparrow,Savannah_Sparrow_0057_120016.jpg
train,127.Savannah_Sparrow,Savannah_Sparrow_0058_118323.jpg
train,127.Savannah_Sparrow,Savannah_Sparrow_0059_119810.jpg
train,127.Savannah_Sparrow,Savannah_Sparrow_0061_119783.jpg
train,127.Savannah_Sparrow,Savannah_Sparrow_0062_120185.jpg
train,127.Savannah_Sparrow,Savannah_Sparrow_0064_119316.jpg
train,127.Savannah_Sparrow,Savannah_Sparrow_0066_119949.jpg
train,127.Savannah_Sparrow,Savannah_Sparrow_0067_118491.jpg
train,127.Savannah_Sparrow,Savannah_Sparrow_0075_116305.jpg
train,127.Savannah_Sparrow,Savannah_Sparrow_0080_118120.jpg
train,127.Savannah_Sparrow,Savannah_Sparrow_0093_118267.jpg
train,127.Savannah_Sparrow,Savannah_Sparrow_0095_119670.jpg
train,127.Savannah_Sparrow,Savannah_Sparrow_0109_119674.jpg
train,127.Savannah_Sparrow,Savannah_Sparrow_0114_119750.jpg
train,127.Savannah_Sparrow,Savannah_Sparrow_0116_118108.jpg
train,127.Savannah_Sparrow,Savannah_Sparrow_0117_119917.jpg
train,127.Savannah_Sparrow,Savannah_Sparrow_0118_118603.jpg
train,127.Savannah_Sparrow,Savannah_Sparrow_0124_118820.jpg
train,127.Savannah_Sparrow,Savannah_Sparrow_0131_119946.jpg
train,127.Savannah_Sparrow,Savannah_Sparrow_0132_119962.jpg
train,127.Savannah_Sparrow,Savannah_Sparrow_0136_119581.jpg
train,127.Savannah_Sparrow,Savannah_Sparrow_0137_119757.jpg
train,127.Savannah_Sparrow,Savannah_Sparrow_0139_119444.jpg
train,135.Bank_Swallow,Bank_Swallow_0001_129516.jpg
train,135.Bank_Swallow,Bank_Swallow_0002_129654.jpg
train,135.Bank_Swallow,Bank_Swallow_0003_129623.jpg
train,135.Bank_Swallow,Bank_Swallow_0004_129549.jpg
train,135.Bank_Swallow,Bank_Swallow_0006_129652.jpg
train,135.Bank_Swallow,Bank_Swallow_0007_129514.jpg
train,135.Bank_Swallow,Bank_Swallow_0008_129590.jpg
train,135.Bank_Swallow,Bank_Swallow_0010_129592.jpg
train,135.Bank_Swallow,Bank_Swallow_0012_129518.jpg
train,135.Bank_Swallow,Bank_Swallow_0013_129563.jpg
train,135.Bank_Swallow,Bank_Swallow_0015_129853.jpg
train,135.Bank_Swallow,Bank_Swallow_0016_129791.jpg
train,135.Bank_Swallow,Bank_Swallow_0018_129891.jpg
train,135.Bank_Swallow,Bank_Swallow_0019_129788.jpg
train,135.Bank_Swallow,Bank_Swallow_0020_129747.jpg
train,135.Bank_Swallow,Bank_Swallow_0022_129923.jpg
train,135.Bank_Swallow,Bank_Swallow_0023_129878.jpg
train,135.Bank_Swallow,Bank_Swallow_0025_129521.jpg
train,135.Bank_Swallow,Bank_Swallow_0027_129503.jpg
train,135.Bank_Swallow,Bank_Swallow_0031_129507.jpg
train,135.Bank_Swallow,Bank_Swallow_0032_129491.jpg
train,135.Bank_Swallow,Bank_Swallow_0033_129509.jpg
train,135.Bank_Swallow,Bank_Swallow_0034_129496.jpg
train,135.Bank_Swallow,Bank_Swallow_0035_129528.jpg
train,135.Bank_Swallow,Bank_Swallow_0036_129567.jpg
train,135.Bank_Swallow,Bank_Swallow_0037_129903.jpg
train,135.Bank_Swallow,Bank_Swallow_0038_129830.jpg
train,135.Bank_Swallow,Bank_Swallow_0040_129674.jpg
train,135.Bank_Swallow,Bank_Swallow_0044_129687.jpg
train,135.Bank_Swallow,Bank_Swallow_0047_129520.jpg
train,135.Bank_Swallow,Bank_Swallow_0049_129611.jpg
train,135.Bank_Swallow,Bank_Swallow_0050_129780.jpg
train,135.Bank_Swallow,Bank_Swallow_0054_129743.jpg
train,135.Bank_Swallow,Bank_Swallow_0057_129499.jpg
train,135.Bank_Swallow,Bank_Swallow_0059_129896.jpg
train,135.Bank_Swallow,Bank_Swallow_0061_129484.jpg
train,135.Bank_Swallow,Bank_Swallow_0062_129548.jpg
train,135.Bank_Swallow,Bank_Swallow_0063_129774.jpg
train,135.Bank_Swallow,Bank_Swallow_0064_129816.jpg
train,135.Bank_Swallow,Bank_Swallow_0067_129959.jpg
train,135.Bank_Swallow,Bank_Swallow_0068_129806.jpg
train,135.Bank_Swallow,Bank_Swallow_0069_129802.jpg
train,141.Artic_Tern,Artic_Tern_0011_143355.jpg
train,141.Artic_Tern,Artic_Tern_0012_143410.jpg
train,141.Artic_Tern,Artic_Tern_0014_141716.jpg
train,141.Artic_Tern,Artic_Tern_0015_141829.jpg
train,141.Artic_Tern,Artic_Tern_0019_141922.jpg
train,141.Artic_Tern,Artic_Tern_0021_143477.jpg
train,141.Artic_Tern,Artic_Tern_0023_140898.jpg
train,141.Artic_Tern,Artic_Tern_0024_143268.jpg
train,141.Artic_Tern,Artic_Tern_0026_141839.jpg
train,141.Artic_Tern,Artic_Tern_0027_141617.jpg
train,141.Artic_Tern,Artic_Tern_0030_141816.jpg
train,141.Artic_Tern,Artic_Tern_0032_141313.jpg
train,141.Artic_Tern,Artic_Tern_0035_143366.jpg
train,141.Artic_Tern,Artic_Tern_0036_142447.jpg
train,141.Artic_Tern,Artic_Tern_0037_141141.jpg
train,141.Artic_Tern,Artic_Tern_0039_141390.jpg
train,141.Artic_Tern,Artic_Tern_0041_142079.jpg
train,141.Artic_Tern,Artic_Tern_0046_140986.jpg
train,141.Artic_Tern,Artic_Tern_0048_142372.jpg
train,141.Artic_Tern,Artic_Tern_0056_141858.jpg
train,141.Artic_Tern,Artic_Tern_0059_141876.jpg
train,141.Artic_Tern,Artic_Tern_0060_141955.jpg
train,141.Artic_Tern,Artic_Tern_0063_142495.jpg
train,141.Artic_Tern,Artic_Tern_0065_141472.jpg
train,141.Artic_Tern,Artic_Tern_0073_143486.jpg
train,141.Artic_Tern,Artic_Tern_0080_140889.jpg
train,141.Artic_Tern,Artic_Tern_0082_142127.jpg
train,141.Artic_Tern,Artic_Tern_0085_142083.jpg
train,141.Artic_Tern,Artic_Tern_0092_141849.jpg
train,141.Artic_Tern,Artic_Tern_0101_141075.jpg
train,141.Artic_Tern,Artic_Tern_0102_141453.jpg
train,141.Artic_Tern,Artic_Tern_0105_141098.jpg
train,141.Artic_Tern,Artic_Tern_0107_141181.jpg
train,141.Artic_Tern,Artic_Tern_0115_142570.jpg
train,141.Artic_Tern,Artic_Tern_0116_143613.jpg
train,141.Artic_Tern,Artic_Tern_0119_142682.jpg
train,141.Artic_Tern,Artic_Tern_0122_142448.jpg
train,141.Artic_Tern,Artic_Tern_0124_142121.jpg
train,141.Artic_Tern,Artic_Tern_0127_142440.jpg
train,141.Artic_Tern,Artic_Tern_0138_142527.jpg
train,141.Artic_Tern,Artic_Tern_0142_142078.jpg
train,149.Brown_Thrasher,Brown_Thrasher_0001_155380.jpg
train,149.Brown_Thrasher,Brown_Thrasher_0005_155176.jpg
train,149.Brown_Thrasher,Brown_Thrasher_0006_155106.jpg
train,149.Brown_Thrasher,Brown_Thrasher_0009_155221.jpg
train,149.Brown_Thrasher,Brown_Thrasher_0010_155231.jpg
train,149.Brown_Thrasher,Brown_Thrasher_0011_155370.jpg
train,149.Brown_Thrasher,Brown_Thrasher_0012_155121.jpg
train,149.Brown_Thrasher,Brown_Thrasher_0013_155329.jpg
train,149.Brown_Thrasher,Brown_Thrasher_0014_155421.jpg
train,149.Brown_Thrasher,Brown_Thrasher_0015_155165.jpg
train,149.Brown_Thrasher,Brown_Thrasher_0020_155223.jpg
train,149.Brown_Thrasher,Brown_Thrasher_0021_155160.jpg
train,149.Brown_Thrasher,Brown_Thrasher_0026_155438.jpg
train,149.Brown_Thrasher,Brown_Thrasher_0030_155152.jpg
train,149.Brown_Thrasher,Brown_Thrasher_0033_155156.jpg
train,149.Brown_Thrasher,Brown_Thrasher_0034_155139.jpg
train,149.Brown_Thrasher,Brown_Thrasher_0038_155246.jpg
train,149.Brown_Thrasher,Brown_Thrasher_0045_155182.jpg
train,149.Brown_Thrasher,Brown_Thrasher_0049_155110.jpg
train,149.Brown_Thrasher,Brown_Thrasher_0056_155048.jpg
train,149.Brown_Thrasher,Brown_Thrasher_0057_155164.jpg
train,149.Brown_Thrasher,Brown_Thrasher_0061_155140.jpg
train,149.Brown_Thrasher,Brown_Thrasher_0063_155127.jpg
train,149.Brown_Thrasher,Brown_Thrasher_0065_155229.jpg
train,149.Brown_Thrasher,Brown_Thrasher_0069_155151.jpg
train,149.Brown_Thrasher,Brown_Thrasher_0070_155343.jpg
train,149.Brown_Thrasher,Brown_Thrasher_0072_155406.jpg
train,149.Brown_Thrasher,Brown_Thrasher_0074_155339.jpg
train,149.Brown_Thrasher,Brown_Thrasher_0081_155256.jpg
train,149.Brown_Thrasher,Brown_Thrasher_0092_155415.jpg
train,149.Brown_Thrasher,Brown_Thrasher_0095_155082.jpg
train,149.Brown_Thrasher,Brown_Thrasher_0096_155412.jpg
train,149.Brown_Thrasher,Brown_Thrasher_0106_155083.jpg
train,149.Brown_Thrasher,Brown_Thrasher_0112_155183.jpg
train,149.Brown_Thrasher,Brown_Thrasher_0119_155170.jpg
train,149.Brown_Thrasher,Brown_Thrasher_0120_155133.jpg
train,149.Brown_Thrasher,Brown_Thrasher_0121_155320.jpg
train,149.Brown_Thrasher,Brown_Thrasher_0124_155052.jpg
train,149.Brown_Thrasher,Brown_Thrasher_0126_155199.jpg
train,149.Brown_Thrasher,Brown_Thrasher_0130_155350.jpg
train,149.Brown_Thrasher,Brown_Thrasher_0132_155337.jpg
train,149.Brown_Thrasher,Brown_Thrasher_0135_155366.jpg
train,156.White_eyed_Vireo,White_Eyed_Vireo_0001_159237.jpg
train,156.White_eyed_Vireo,White_Eyed_Vireo_0002_159180.jpg
train,156.White_eyed_Vireo,White_Eyed_Vireo_0009_158830.jpg
train,156.White_eyed_Vireo,White_Eyed_Vireo_0012_159495.jpg
train,156.White_eyed_Vireo,White_Eyed_Vireo_0015_159081.jpg
train,156.White_eyed_Vireo,White_Eyed_Vireo_0016_158978.jpg
train,156.White_eyed_Vireo,White_Eyed_Vireo_0018_159450.jpg
train,156.White_eyed_Vireo,White_Eyed_Vireo_0019_159095.jpg
train,156.White_eyed_Vireo,White_Eyed_Vireo_0022_159037.jpg
train,156.White_eyed_Vireo,White_Eyed_Vireo_0024_159193.jpg
train,156.White_eyed_Vireo,White_Eyed_Vireo_0029_159334.jpg
train,156.White_eyed_Vireo,White_Eyed_Vireo_0030_159265.jpg
train,156.White_eyed_Vireo,White_Eyed_Vireo_0033_159079.jpg
train,156.White_eyed_Vireo,White_Eyed_Vireo_0040_159101.jpg
train,156.White_eyed_Vireo,White_Eyed_Vireo_0041_159032.jpg
train,156.White_eyed_Vireo,White_Eyed_Vireo_0042_159012.jpg
train,156.White_eyed_Vireo,White_Eyed_Vireo_0045_159232.jpg
train,156.White_eyed_Vireo,White_Eyed_Vireo_0049_158835.jpg
train,156.White_eyed_Vireo,White_Eyed_Vireo_0051_159033.jpg
train,156.White_eyed_Vireo,White_Eyed_Vireo_0066_159477.jpg
train,156.White_eyed_Vireo,White_Eyed_Vireo_0071_159072.jpg
train,156.White_eyed_Vireo,White_Eyed_Vireo_0074_159279.jpg
train,156.White_eyed_Vireo,White_Eyed_Vireo_0078_159382.jpg
train,156.White_eyed_Vireo,White_Eyed_Vireo_0080_159087.jpg
train,156.White_eyed_Vireo,White_Eyed_Vireo_0082_159186.jpg
train,156.White_eyed_Vireo,White_Eyed_Vireo_0083_159203.jpg
train,156.White_eyed_Vireo,White_Eyed_Vireo_0085_159119.jpg
train,156.White_eyed_Vireo,White_Eyed_Vireo_0088_159084.jpg
train,156.White_eyed_Vireo,White_Eyed_Vireo_0094_158894.jpg
train,156.White_eyed_Vireo,White_Eyed_Vireo_0102_159420.jpg
train,156.White_eyed_Vireo,White_Eyed_Vireo_0111_158864.jpg
train,156.White_eyed_Vireo,White_Eyed_Vireo_0116_159028.jpg
train,156.White_eyed_Vireo,White_Eyed_Vireo_0118_159036.jpg
train,156.White_eyed_Vireo,White_Eyed_Vireo_0122_159284.jpg
train,156.White_eyed_Vireo,White_Eyed_Vireo_0125_159078.jpg
train,156.White_eyed_Vireo,White_Eyed_Vireo_0126_159341.jpg
train,156.White_eyed_Vireo,White_Eyed_Vireo_0128_158993.jpg
train,156.White_eyed_Vireo,White_Eyed_Vireo_0129_158823.jpg
train,156.White_eyed_Vireo,White_Eyed_Vireo_0130_159075.jpg
train,156.White_eyed_Vireo,White_Eyed_Vireo_0134_158889.jpg
train,156.White_eyed_Vireo,White_Eyed_Vireo_0135_158955.jpg
train,156.White_eyed_Vireo,White_Eyed_Vireo_0136_156418.jpg
train,168.Kentucky_Warbler,Kentucky_Warbler_0002_795886.jpg
train,168.Kentucky_Warbler,Kentucky_Warbler_0003_795892.jpg
train,168.Kentucky_Warbler,Kentucky_Warbler_0004_165358.jpg
train,168.Kentucky_Warbler,Kentucky_Warbler_0005_795919.jpg
train,168.Kentucky_Warbler,Kentucky_Warbler_0008_165369.jpg
train,168.Kentucky_Warbler,Kentucky_Warbler_0009_795865.jpg
train,168.Kentucky_Warbler,Kentucky_Warbler_0010_795912.jpg
train,168.Kentucky_Warbler,Kentucky_Warbler_0012_795875.jpg
train,168.Kentucky_Warbler,Kentucky_Warbler_0013_165228.jpg
train,168.Kentucky_Warbler,Kentucky_Warbler_0014_165336.jpg
train,168.Kentucky_Warbler,Kentucky_Warbler_0019_165389.jpg
train,168.Kentucky_Warbler,Kentucky_Warbler_0020_795903.jpg
train,168.Kentucky_Warbler,Kentucky_Warbler_0022_795882.jpg
train,168.Kentucky_Warbler,Kentucky_Warbler_0023_165247.jpg
train,168.Kentucky_Warbler,Kentucky_Warbler_0024_165405.jpg
train,168.Kentucky_Warbler,Kentucky_Warbler_0025_165304.jpg
train,168.Kentucky_Warbler,Kentucky_Warbler_0027_795917.jpg
train,168.Kentucky_Warbler,Kentucky_Warbler_0031_165363.jpg
train,168.Kentucky_Warbler,Kentucky_Warbler_0035_795878.jpg
train,168.Kentucky_Warbler,Kentucky_Warbler_0040_795868.jpg
train,168.Kentucky_Warbler,Kentucky_Warbler_0041_795888.jpg
train,168.Kentucky_Warbler,Kentucky_Warbler_0042_165268.jpg
train,168.Kentucky_Warbler,Kentucky_Warbler_0043_165240.jpg
train,168.Kentucky_Warbler,Kentucky_Warbler_0044_165436.jpg
train,168.Kentucky_Warbler,Kentucky_Warbler_0047_165298.jpg
train,168.Kentucky_Warbler,Kentucky_Warbler_0048_165360.jpg
train,168.Kentucky_Warbler,Kentucky_Warbler_0049_165313.jpg
train,168.Kentucky_Warbler,Kentucky_Warbler_0051_795884.jpg
train,168.Kentucky_Warbler,Kentucky_Warbler_0055_165426.jpg
train,168.Kentucky_Warbler,Kentucky_Warbler_0059_795905.jpg
train,168.Kentucky_Warbler,Kentucky_Warbler_0063_795904.jpg
train,168.Kentucky_Warbler,Kentucky_Warbler_0065_795899.jpg
train,168.Kentucky_Warbler,Kentucky_Warbler_0068_795893.jpg
train,168.Kentucky_Warbler,Kentucky_Warbler_0069_165318.jpg
train,168.Kentucky_Warbler,Kentucky_Warbler_0072_165305.jpg
train,168.Kentucky_Warbler,Kentucky_Warbler_0073_795895.jpg
train,168.Kentucky_Warbler,Kentucky_Warbler_0074_165269.jpg
train,168.Kentucky_Warbler,Kentucky_Warbler_0076_795907.jpg
train,168.Kentucky_Warbler,Kentucky_Warbler_0078_795889.jpg
train,168.Kentucky_Warbler,Kentucky_Warbler_0080_165351.jpg
train,168.Kentucky_Warbler,Kentucky_Warbler_0082_795869.jpg
train,168.Kentucky_Warbler,Kentucky_Warbler_0083_795883.jpg
train,200.Common_Yellowthroat,Common_Yellowthroat_0003_190521.jpg
train,200.Common_Yellowthroat,Common_Yellowthroat_0004_190606.jpg
train,200.Common_Yellowthroat,Common_Yellowthroat_0006_190576.jpg
train,200.Common_Yellowthroat,Common_Yellowthroat_0008_190703.jpg
train,200.Common_Yellowthroat,Common_Yellowthroat_0009_190578.jpg
train,200.Common_Yellowthroat,Common_Yellowthroat_0010_190572.jpg
train,200.Common_Yellowthroat,Common_Yellowthroat_0011_190401.jpg
train,200.Common_Yellowthroat,Common_Yellowthroat_0015_190556.jpg
train,200.Common_Yellowthroat,Common_Yellowthroat_0016_190986.jpg
train,200.Common_Yellowthroat,Common_Yellowthroat_0018_190904.jpg
train,200.Common_Yellowthroat,Common_Yellowthroat_0020_190720.jpg
train,200.Common_Yellowthroat,Common_Yellowthroat_0021_190655.jpg
train,200.Common_Yellowthroat,Common_Yellowthroat_0027_190869.jpg
train,200.Common_Yellowthroat,Common_Yellowthroat_0028_190527.jpg
train,200.Common_Yellowthroat,Common_Yellowthroat_0029_190403.jpg
train,200.Common_Yellowthroat,Common_Yellowthroat_0031_190582.jpg
train,200.Common_Yellowthroat,Common_Yellowthroat_0032_190592.jpg
train,200.Common_Yellowthroat,Common_Yellowthroat_0037_190698.jpg
train,200.Common_Yellowthroat,Common_Yellowthroat_0040_190427.jpg
train,200.Common_Yellowthroat,Common_Yellowthroat_0050_190535.jpg
train,200.Common_Yellowthroat,Common_Yellowthroat_0054_190398.jpg
train,200.Common_Yellowthroat,Common_Yellowthroat_0055_190967.jpg
train,200.Common_Yellowthroat,Common_Yellowthroat_0058_190958.jpg
train,200.Common_Yellowthroat,Common_Yellowthroat_0059_190584.jpg
train,200.Common_Yellowthroat,Common_Yellowthroat_0063_190440.jpg
train,200.Common_Yellowthroat,Common_Yellowthroat_0066_190646.jpg
train,200.Common_Yellowthroat,Common_Yellowthroat_0069_190400.jpg
train,200.Common_Yellowthroat,Common_Yellowthroat_0071_190665.jpg
train,200.Common_Yellowthroat,Common_Yellowthroat_0077_190990.jpg
train,200.Common_Yellowthroat,Common_Yellowthroat_0086_190639.jpg
train,200.Common_Yellowthroat,Common_Yellowthroat_0088_190594.jpg
train,200.Common_Yellowthroat,Common_Yellowthroat_0094_190690.jpg
train,200.Common_Yellowthroat,Common_Yellowthroat_0098_190430.jpg
train,200.Common_Yellowthroat,Common_Yellowthroat_0104_190489.jpg
train,200.Common_Yellowthroat,Common_Yellowthroat_0106_190989.jpg
train,200.Common_Yellowthroat,Common_Yellowthroat_0111_190569.jpg
train,200.Common_Yellowthroat,Common_Yellowthroat_0112_190571.jpg
train,200.Common_Yellowthroat,Common_Yellowthroat_0114_190501.jpg
train,200.Common_Yellowthroat,Common_Yellowthroat_0118_190805.jpg
train,200.Common_Yellowthroat,Common_Yellowthroat_0122_190570.jpg
train,200.Common_Yellowthroat,Common_Yellowthroat_0125_190902.jpg
train,200.Common_Yellowthroat,Common_Yellowthroat_0126_190407.jpg
val,005.Crested_Auklet,Crested_Auklet_0030_794937.jpg
val,005.Crested_Auklet,Crested_Auklet_0041_794910.jpg
val,005.Crested_Auklet,Crested_Auklet_0044_1825.jpg
val,005.Crested_Auklet,Crested_Auklet_0048_1791.jpg
val,005.Crested_Auklet,Crested_Auklet_0052_794952.jpg
val,005.Crested_Auklet,Crested_Auklet_0069_785258.jpg
val,005.Crested_Auklet,Crested_Auklet_0075_785259.jpg
val,013.Bobolink,Bobolink_0033_10809.jpg
val,013.Bobolink,Bobolink_0047_9204.jpg
val,013.Bobolink,Bobolink_0049_9540.jpg
val,013.Bobolink,Bobolink_0053_10166.jpg
val,013.Bobolink,Bobolink_0056_9080.jpg
val,013.Bobolink,Bobolink_0097_10861.jpg
val,013.Bobolink,Bobolink_0101_9811.jpg
val,013.Bobolink,Bobolink_0104_10273.jpg
val,013.Bobolink,Bobolink_0126_11458.jpg
val,015.Lazuli_Bunting,Lazuli_Bunting_0030_14986.jpg
val,015.Lazuli_Bunting,Lazuli_Bunting_0039_15081.jpg
val,015.Lazuli_Bunting,Lazuli_Bunting_0041_15152.jpg
val,015.Lazuli_Bunting,Lazuli_Bunting_0046_14787.jpg
val,015.Lazuli_Bunting,Lazuli_Bunting_0047_14863.jpg
val,015.Lazuli_Bunting,Lazuli_Bunting_0078_15164.jpg
val,015.Lazuli_Bunting,Lazuli_Bunting_0092_14656.jpg
val,015.Lazuli_Bunting,Lazuli_Bunting_0101_14873.jpg
val,015.Lazuli_Bunting,Lazuli_Bunting_0102_14605.jpg
val,023.Brandt_Cormorant,Brandt_Cormorant_0021_23097.jpg
val,023.Brandt_Cormorant,Brandt_Cormorant_0029_23043.jpg
val,023.Brandt_Cormorant,Brandt_Cormorant_0032_22886.jpg
val,023.Brandt_Cormorant,Brandt_Cormorant_0036_22937.jpg
val,023.Brandt_Cormorant,Brandt_Cormorant_0038_23110.jpg
val,023.Brandt_Cormorant,Brandt_Cormorant_0067_23352.jpg
val,023.Brandt_Cormorant,Brandt_Cormorant_0070_23137.jpg
val,023.Brandt_Cormorant,Brandt_Cormorant_0078_23203.jpg
val,023.Brandt_Cormorant,Brandt_Cormorant_0087_23126.jpg
val,040.Olive_sided_Flycatcher,Olive_Sided_Flycatcher_0021_796880.jpg
val,040.Olive_sided_Flycatcher,Olive_Sided_Flycatcher_0030_796896.jpg
val,040.Olive_sided_Flycatcher,Olive_Sided_Flycatcher_0032_30713.jpg
val,040.Olive_sided_Flycatcher,Olive_Sided_Flycatcher_0035_30799.jpg
val,040.Olive_sided_Flycatcher,Olive_Sided_Flycatcher_0037_30784.jpg
val,040.Olive_sided_Flycatcher,Olive_Sided_Flycatcher_0057_796898.jpg
val,040.Olive_sided_Flycatcher,Olive_Sided_Flycatcher_0059_30536.jpg
val,040.Olive_sided_Flycatcher,Olive_Sided_Flycatcher_0064_30485.jpg
val,040.Olive_sided_Flycatcher,Olive_Sided_Flycatcher_0080_30515.jpg
val,041.Scissor_tailed_Flycatcher,Scissor_Tailed_Flycatcher_0023_42117.jpg
val,041.Scissor_tailed_Flycatcher,Scissor_Tailed_Flycatcher_0035_42025.jpg
val,041.Scissor_tailed_Flycatcher,Scissor_Tailed_Flycatcher_0042_41990.jpg
val,041.Scissor_tailed_Flycatcher,Scissor_Tailed_Flycatcher_0055_42051.jpg
val,041.Scissor_tailed_Flycatcher,Scissor_Tailed_Flycatcher_0058_41948.jpg
val,041.Scissor_tailed_Flycatcher,Scissor_Tailed_Flycatcher_0096_41733.jpg
val,041.Scissor_tailed_Flycatcher,Scissor_Tailed_Flycatcher_0098_41731.jpg
val,041.Scissor_tailed_Flycatcher,Scissor_Tailed_Flycatcher_0103_41938.jpg
val,041.Scissor_tailed_Flycatcher,Scissor_Tailed_Flycatcher_0122_41679.jpg
val,067.Anna_Hummingbird,Anna_Hummingbird_0034_56614.jpg
val,067.Anna_Hummingbird,Anna_Hummingbird_0042_55990.jpg
val,067.Anna_Hummingbird,Anna_Hummingbird_0044_56066.jpg
val,067.Anna_Hummingbird,Anna_Hummingbird_0052_56344.jpg
val,067.Anna_Hummingbird,Anna_Hummingbird_0053_56112.jpg
val,067.Anna_Hummingbird,Anna_Hummingbird_0094_56092.jpg
val,067.Anna_Hummingbird,Anna_Hummingbird_0098_56388.jpg
val,067.Anna_Hummingbird,Anna_Hummingbird_0101_56459.jpg
val,067.Anna_Hummingbird,Anna_Hummingbird_0126_55983.jpg
val,072.Pomarine_Jaeger,Pomarine_Jaeger_0015_61429.jpg
val,072.Pomarine_Jaeger,Pomarine_Jaeger_0024_61281.jpg
val,072.Pomarine_Jaeger,Pomarine_Jaeger_0027_795767.jpg
val,072.Pomarine_Jaeger,Pomarine_Jaeger_0030_61447.jpg
val,072.Pomarine_Jaeger,Pomarine_Jaeger_0031_61420.jpg
val,072.Pomarine_Jaeger,Pomarine_Jaeger_0053_795792.jpg
val,072.Pomarine_Jaeger,Pomarine_Jaeger_0055_795762.jpg
val,072.Pomarine_Jaeger,Pomarine_Jaeger_0058_795746.jpg
val,072.Pomarine_Jaeger,Pomarine_Jaeger_0077_795739.jpg
val,076.Dark_eyed_Junco,Dark_Eyed_Junco_0026_68061.jpg
val,076.Dark_eyed_Junco,Dark_Eyed_Junco_0043_68689.jpg
val,076.Dark_eyed_Junco,Dark_Eyed_Junco_0048_66981.jpg
val,076.Dark_eyed_Junco,Dark_Eyed_Junco_0058_68784.jpg
val,076.Dark_eyed_Junco,Dark_Eyed_Junco_0059_66305.jpg
val,076.Dark_eyed_Junco,Dark_Eyed_Junco_0090_69051.jpg
val,076.Dark_eyed_Junco,Dark_Eyed_Junco_0093_67335.jpg
val,076.Dark_eyed_Junco,Dark_Eyed_Junco_0096_68514.jpg
val,076.Dark_eyed_Junco,Dark_Eyed_Junco_0124_67664.jpg
val,081.Pied_Kingfisher,Pied_Kingfisher_0024_71560.jpg
val,081.Pied_Kingfisher,Pied_Kingfisher_0030_72603.jpg
val,081.Pied_Kingfisher,Pied_Kingfisher_0032_71792.jpg
val,081.Pied_Kingfisher,Pied_Kingfisher_0040_72739.jpg
val,081.Pied_Kingfisher,Pied_Kingfisher_0045_71143.jpg
val,081.Pied_Kingfisher,Pied_Kingfisher_0074_71830.jpg
val,081.Pied_Kingfisher,Pied_Kingfisher_0078_71985.jpg
val,081.Pied_Kingfisher,Pied_Kingfisher_0083_72430.jpg
val,081.Pied_Kingfisher,Pied_Kingfisher_0121_72378.jpg
val,082.Ringed_Kingfisher,Ringed_Kingfisher_0020_72888.jpg
val,082.Ringed_Kingfisher,Ringed_Kingfisher_0027_72948.jpg
val,082.Ringed_Kingfisher,Ringed_Kingfisher_0029_73165.jpg
val,082.Ringed_Kingfisher,Ringed_Kingfisher_0038_73041.jpg
val,082.Ringed_Kingfisher,Ringed_Kingfisher_0039_71052.jpg
val,082.Ringed_Kingfisher,Ringed_Kingfisher_0073_73118.jpg
val,082.Ringed_Kingfisher,Ringed_Kingfisher_0075_73135.jpg
val,082.Ringed_Kingfisher,Ringed_Kingfisher_0077_72872.jpg
val,082.Ringed_Kingfisher,Ringed_Kingfisher_0102_72941.jpg
val,086.Pacific_Loon,Pacific_Loon_0015_75443.jpg
val,086.Pacific_Loon,Pacific_Loon_0022_75405.jpg
val,086.Pacific_Loon,Pacific_Loon_0024_75555.jpg
val,086.Pacific_Loon,Pacific_Loon_0027_75542.jpg
val,086.Pacific_Loon,Pacific_Loon_0029_75495.jpg
val,086.Pacific_Loon,Pacific_Loon_0045_75589.jpg
val,086.Pacific_Loon,Pacific_Loon_0047_75393.jpg
val,086.Pacific_Loon,Pacific_Loon_0049_75780.jpg
val,086.Pacific_Loon,Pacific_Loon_0066_75547.jpg
val,099.Ovenbird,Ovenbird_0027_93086.jpg
val,099.Ovenbird,Ovenbird_0044_92828.jpg
val,099.Ovenbird,Ovenbird_0046_92821.jpg
val,099.Ovenbird,Ovenbird_0050_92672.jpg
val,099.Ovenbird,Ovenbird_0053_92462.jpg
val,099.Ovenbird,Ovenbird_0094_92577.jpg
val,099.Ovenbird,Ovenbird_0096_93131.jpg
val,099.Ovenbird,Ovenbird_0099_93148.jpg
val,099.Ovenbird,Ovenbird_0131_92559.jpg
val,104.American_Pipit,American_Pipit_0027_100189.jpg
val,104.American_Pipit,American_Pipit_0037_99954.jpg
val,104.American_Pipit,American_Pipit_0041_100060.jpg
val,104.American_Pipit,American_Pipit_0046_100240.jpg
val,104.American_Pipit,American_Pipit_0048_100140.jpg
val,104.American_Pipit,American_Pipit_0087_99996.jpg
val,104.American_Pipit,American_Pipit_0089_100260.jpg
val,104.American_Pipit,American_Pipit_0091_100276.jpg
val,104.American_Pipit,American_Pipit_0119_99622.jpg
val,127.Savannah_Sparrow,Savannah_Sparrow_0028_119982.jpg
val,127.Savannah_Sparrow,Savannah_Sparrow_0045_119398.jpg
val,127.Savannah_Sparrow,Savannah_Sparrow_0048_120321.jpg
val,127.Savannah_Sparrow,Savannah_Sparrow_0052_118583.jpg
val,127.Savannah_Sparrow,Savannah_Sparrow_0054_120057.jpg
val,127.Savannah_Sparrow,Savannah_Sparrow_0091_120630.jpg
val,127.Savannah_Sparrow,Savannah_Sparrow_0094_119040.jpg
val,127.Savannah_Sparrow,Savannah_Sparrow_0096_120376.jpg
val,127.Savannah_Sparrow,Savannah_Sparrow_0135_119620.jpg
val,135.Bank_Swallow,Bank_Swallow_0017_129755.jpg
val,135.Bank_Swallow,Bank_Swallow_0024_129779.jpg
val,135.Bank_Swallow,Bank_Swallow_0026_129870.jpg
val,135.Bank_Swallow,Bank_Swallow_0029_129751.jpg
val,135.Bank_Swallow,Bank_Swallow_0030_129560.jpg
val,135.Bank_Swallow,Bank_Swallow_0046_129742.jpg
val,135.Bank_Swallow,Bank_Swallow_0048_129546.jpg
val,135.Bank_Swallow,Bank_Swallow_0058_129756.jpg
val,135.Bank_Swallow,Bank_Swallow_0066_129559.jpg
val,141.Artic_Tern,Artic_Tern_0034_142022.jpg
val,141.Artic_Tern,Artic_Tern_0044_142151.jpg
val,141.Artic_Tern,Artic_Tern_0047_143549.jpg
val,141.Artic_Tern,Artic_Tern_0052_143244.jpg
val,141.Artic_Tern,Artic_Tern_0055_141524.jpg
val,141.Artic_Tern,Artic_Tern_0099_141170.jpg
val,141.Artic_Tern,Artic_Tern_0117_143394.jpg
val,141.Artic_Tern,Artic_Tern_0129_141395.jpg
val,141.Artic_Tern,Artic_Tern_0133_141069.jpg
val,149.Brown_Thrasher,Brown_Thrasher_0024_155363.jpg
val,149.Brown_Thrasher,Brown_Thrasher_0042_155213.jpg
val,149.Brown_Thrasher,Brown_Thrasher_0046_155154.jpg
val,149.Brown_Thrasher,Brown_Thrasher_0052_155254.jpg
val,149.Brown_Thrasher,Brown_Thrasher_0054_155145.jpg
val,149.Brown_Thrasher,Brown_Thrasher_0085_155445.jpg
val,149.Brown_Thrasher,Brown_Thrasher_0093_155309.jpg
val,149.Brown_Thrasher,Brown_Thrasher_0113_155111.jpg
val,149.Brown_Thrasher,Brown_Thrasher_0127_155193.jpg
val,156.White_eyed_Vireo,White_Eyed_Vireo_0032_159145.jpg
val,156.White_eyed_Vireo,White_Eyed_Vireo_0046_158849.jpg
val,156.White_eyed_Vireo,White_Eyed_Vireo_0050_158829.jpg
val,156.White_eyed_Vireo,White_Eyed_Vireo_0061_159042.jpg
val,156.White_eyed_Vireo,White_Eyed_Vireo_0064_159286.jpg
val,156.White_eyed_Vireo,White_Eyed_Vireo_0099_158933.jpg
val,156.White_eyed_Vireo,White_Eyed_Vireo_0110_158947.jpg
val,156.White_eyed_Vireo,White_Eyed_Vireo_0112_159147.jpg
val,156.White_eyed_Vireo,White_Eyed_Vireo_0132_158908.jpg
val,168.Kentucky_Warbler,Kentucky_Warbler_0021_165230.jpg
val,168.Kentucky_Warbler,Kentucky_Warbler_0030_795885.jpg
val,168.Kentucky_Warbler,Kentucky_Warbler_0033_165271.jpg
val,168.Kentucky_Warbler,Kentucky_Warbler_0038_795909.jpg
val,168.Kentucky_Warbler,Kentucky_Warbler_0039_165324.jpg
val,168.Kentucky_Warbler,Kentucky_Warbler_0058_165441.jpg
val,168.Kentucky_Warbler,Kentucky_Warbler_0062_795897.jpg
val,168.Kentucky_Warbler,Kentucky_Warbler_0071_165342.jpg
val,168.Kentucky_Warbler,Kentucky_Warbler_0079_165339.jpg
val,200.Common_Yellowthroat,Common_Yellowthroat_0025_190547.jpg
val,200.Common_Yellowthroat,Common_Yellowthroat_0035_190567.jpg
val,200.Common_Yellowthroat,Common_Yellowthroat_0039_190513.jpg
val,200.Common_Yellowthroat,Common_Yellowthroat_0046_190446.jpg
val,200.Common_Yellowthroat,Common_Yellowthroat_0049_190708.jpg
val,200.Common_Yellowthroat,Common_Yellowthroat_0081_190525.jpg
val,200.Common_Yellowthroat,Common_Yellowthroat_0087_190414.jpg
val,200.Common_Yellowthroat,Common_Yellowthroat_0090_190503.jpg
val,200.Common_Yellowthroat,Common_Yellowthroat_0121_190597.jpg
